content,pub_date,url_origin,title
"[{'value': u'http://img0.selfimg.com.cn/gq24640x/2017/08/29/1503967512_JnXbSe.jpg', 'key': 'img'}, {'value': u'\u675c\u6d77\u6d9b\u73b0\u8eab\u673a\u573a', 'key': 'subtitle'}, {'value': u'\u90a3\u4e9b\u5fc3\u4eea\u5df2\u4e45\uff0c\u4f46\u4f3c\u4e4e\u5e76\u4e0d\u592a\u9002\u5408\u672c\u4eba\u7684\u5355\u54c1\u672a\u5fc5\u5c31\u662f\u7981\u533a\uff0c\u5076\u5c14\u5c1d\u5c1d\u9c9c\u4e5f\u65e0\u59a8\u3002\u4e0d\u8fc7\uff0c\u65e2\u7136\u60f3\u8981\u5c1d\u9c9c\uff0c\u6700\u8d77\u7801\u5f97\u6709\u70b9\u8bda\u610f\u6765\u4e2a\u5168\u5957\u7684\u5427\uff0c\u968f\u4fbf\u62ab\u4ef6\u5355\u54c1\u51fa\u95e8\u53ef\u4e0d\u592a\u8bb2\u7a76\uff0cso\u8ff7\u5f69\u77ed\u88e4\u5148\u6362\u4e00\u6362\u5427\u3002', 'key': 'content'}, {'value': u'http://img0.selfimg.com.cn/gq24640x/2017/08/29/1503967531_TslM8x.jpg', 'key': 'img'}, {'value': u'Dsquared2\u4fee\u8eab\u77f3\u6d17\u725b\u4ed4\u88e4From Farfetch', 'key': 'subtitle'}, {'value': u'http://img0.selfimg.com.cn/gq24640x/2017/08/29/1503967560_lThZJ4.jpg', 'key': 'img'}, {'value': u'\u9ad8\u4ee5\u7fd4\u51fa\u5e2dDior For Love \u6447\u6eda\u4f60\u7684\u5507\u6d3e\u5bf9', 'key': 'subtitle'}, {'value': u'\u603b\u7684\u6765\u8bf4\uff0c\u8fd8\u662f\u8ddf\u672c\u4eba\u5951\u5408\u5ea6\u86ee\u9ad8\u7684\u4e00\u5957\u88c5\u626e\uff0c\u53ea\u662f\u5728\u989c\u8272\u642d\u914d\u4e0a\u4f3c\u4e4e\u6b20\u70b9\u706b\u5019\u3002\u767d\u8272T\u6064\u4e0e\u767d\u8272\u957f\u88e4\u7684\u786e\u505a\u5230\u4e86\u9996\u5c3e\u547c\u5e94\uff0c\u4f46\u4ece\u7167\u7247\u6765\u770b\uff0c\u4e0d\u591f\u4e0a\u955c\u4e5f\u662f\u4e8b\u5b9e\u3002\u5927\u9762\u79ef\u7684\u767d\u8272\u4ee5\u53ca\u722c\u6ee1\u957f\u88e4\u7684\u8936\u76b1\u8ba9\u6240\u6709\u5355\u54c1\u770b\u8d77\u6765\u592a\u8fc7\u201c\u72ec\u7acb\u201d\uff0c\u7f3a\u4e4f\u4e86\u4e00\u4e9b\u6574\u4f53\u6027\u3002\u4e3a\u6b64\uff0c\u4e0d\u59a8\u7528\u4e0e\u4e0a\u88c5\u540c\u8272\u7cfb\u7684\u957f\u88e4\u4f5c\u4e3a\u642d\u914d\uff0c\u628a\u767d\u8272\u5316\u4f5c\u70b9\u7f00\uff0c\u4ee4\u4ee5\u4e0alook\u770b\u8d77\u6765\u66f4\u5b8c\u6574\uff0c\u4e5f\u66f4\u6d41\u7545\u3002', 'key': 'content'}, {'value': u'http://img2.selfimg.com.cn/gq24640x/2017/08/29/1503967584_AfoPr2.jpg', 'key': 'img'}, {'value': u'Jacob Cohen\u4fee\u8eab\u725b\u4ed4\u88e4', 'key': 'subtitle'}, {'value': u'http://img2.selfimg.com.cn/gq24640x/2017/08/29/1503967601_yf0erZ.jpg', 'key': 'img'}, {'value': u'\u9648\u67cf\u9716\u51fa\u5e2d\u62a4\u80a4\u54c1\u724c\u6d3b\u52a8', 'key': 'subtitle'}, {'value': u'\u597d\u770b\u7684\u5fb7\u6bd4\u978b\uff0c\u4f46\u9057\u61be\u7684\u662f\u4e0e\u672c\u4eba\u7740\u88c5\u5e76\u4e0d\u76f8\u79f0\u2014\u2014\u8fc7\u6d45\u7684\u989c\u8272\u8ba9\u4eba\u6709\u79cd\u5934\u91cd\u811a\u8f7b\u7684\u9519\u89c9\u3002\u90a3\u4e48\uff0c\u5f53\u4e0b\u6700\u7b80\u5355\u7684\u505a\u6cd5\u5927\u6982\u4fbf\u662f\u7528\u4e00\u53cc\u7ecf\u5178\u7684\u9ed1\u8272\u5fb7\u6bd4\u978b\u4f5c\u4e3a\u66ff\u4ee3\u3002\u5982\u679c\u62c5\u5fc3\u4e0d\u591f\u51fa\u5f69\uff0c\u53ef\u4ee5\u5c1d\u8bd5\u4ee5\u4e0b\u8fd9\u53cc\u6f06\u76ae\u9970\u8fb9\u5fb7\u6bd4\u978b\uff0c\u6781\u5177\u8d28\u611f\u7684\u5149\u6cfd\u5ea6\u4ee5\u53ca\u6070\u5230\u597d\u5904\u7684\u8bbe\u8ba1\u7ec6\u8282\uff0c\u5f70\u663e\u51fa\u672c\u4eba\u4e0d\u4fd7\u7684\u7a7f\u8863\u54c1\u4f4d\u3002', 'key': 'content'}, {'value': u'http://img0.selfimg.com.cn/gq24640x/2017/08/29/1503967629_2rrIyn.jpg', 'key': 'img'}, {'value': u'Dolce & Gabbana\u9970\u8fb9\u5fb7\u6bd4\u978b', 'key': 'subtitle'}, {'value': u'http://img3.selfimg.com.cn/gq24640x/2017/08/29/1503967645_ZhOofo.jpg', 'key': 'img'}, {'value': u'\u4f55\u6da6\u4e1c\u51fa\u5e2d\u300a\u90a3\u5e74\u82b1\u5f00\u6708\u6b63\u5706\u300b\u770b\u7247\u4f1a', 'key': 'subtitle'}, {'value': u'\u4e5d\u5206\u3001\u516b\u5206\u8fd8\u662f\u521a\u521a\u89e6\u53ca\u978b\u9762\uff0c\u7a76\u7adf\u88e4\u811a\u7559\u591a\u957f\u624d\u65f6\u9ae6\u5f97\u4f53\uff1f\u4e0d\u540c\u7684\u4e0a\u88c5\u642d\u914d\u4e0d\u540c\u7684\u88e4\u578b\uff0c\u4e0d\u540c\u7684\u88e4\u578b\u53c8\u9700\u8981\u642d\u914d\u4e0d\u540c\u7684\u88e4\u957f\u3002\u4e0d\u59a8\u5728\u955c\u5b50\u9762\u524d\u591a\u8d70\u51e0\u5708\uff0c\u8bd5\u7740\u505a\u51e0\u4e2a\u52a8\u4f5c\uff0c\u770b\u770b\u4e0d\u540c\u89d2\u5ea6\u4e0b\uff0c\u88e4\u957f\u662f\u5426\u6070\u597d\u5f97\u4f53\uff0c\u662f\u5426\u4f1a\u9732\u51fa\u8fc7\u591a\u7684\u5c0f\u817f\u8ba9\u4eba\u770b\u8d77\u6765\u602a\u602a\u7684\uff1f\u800c\u5bf9\u4e8e\u4ee5\u4e0alook\u6765\u8bf4\uff0c\u53ef\u80fd\u88e4\u811a\u957f\u4e00\u70b9\u4f1a\u66f4\u597d\u770b\uff1f', 'key': 'content'}, {'value': u'http://img0.selfimg.com.cn/gq24640x/2017/08/29/1503967667_G2t915.jpg', 'key': 'img'}, {'value': u'Brunello Cucinelli \u897f\u670d\u957f\u88e4', 'key': 'subtitle'}, None]",2017.08.29,http://www.gq.com.cn/fashion/news_12310681bcb5f198.html,换风格可不是换件外套这么简单
"[{'value': u'http://img0.selfimg.com.cn/gq24640x/2017/08/30/1504053672_vxhYqT.jpg', 'key': 'img'}, {'value': u'\u82f1\u56fd\u5962\u4f88\u65f6\u5c1a\u7535\u5546Matchesfashion.com\u7684\u4f30\u503c\u5df2\u4ece\u6b64\u524d\u76846.5\u4ebf\u82f1\u9551\u4e0a\u5347\u81f38\u4ebf\u82f1\u9551\uff0c\u6f5c\u5728\u6295\u6807\u4eba\u5305\u62ecApax Partners\u3001\u79c1\u52df\u57fa\u91d1KKR\u3001\u8d1d\u6069\u8d44\u672c\u4ee5\u53caValentino\u524d\u4e1c\u5bb6\u7b49\u3002\u6570\u636e\u663e\u793a\uff0cMatchesfashion.com\u53bb\u5e74\u9500\u552e\u989d\u540c\u6bd4\u4e0a\u6da861%\u81f32.04\u4ebf\u82f1\u9551\uff0c\u606f\u7a0e\u6298\u65e7\u644a\u9500\u524d\u5229\u6da6\u5219\u8f83\u4e0a\u4e00\u5e74\u66b4\u6da8\u8fd16\u500d\u81f31900\u4e07\u82f1\u9551\u3002\u636e\u6d88\u606f\u4eba\u58eb\u9884\u8ba1\uff0c\u8be5\u96c6\u56e2\u4eca\u5e74\u9500\u552e\u989d\u6709\u671b\u8d85\u8fc73\u4ebf\u82f1\u9551\u521b\u5386\u53f2\u65b0\u9ad8\u3002\u622a\u81f3\u76ee\u524d\uff0cMatchesfashion.com\u548c\u6f5c\u5728\u4e70\u5bb6\u53d1\u8a00\u4eba\u5747\u672a\u5bf9\u6b64\u6d88\u606f\u4f5c\u51fa\u56de\u5e94\u3002', 'key': 'content'}, {'value': u'http://img0.selfimg.com.cn/gq24640x/2017/08/30/1504053689_2lb9vM.jpg', 'key': 'img'}, {'value': u'\u636e\u65e5\u672c\u5a92\u4f53\u6d88\u606f\uff0c\u4f18\u8863\u5e93\u65e5\u524d\u6b63\u5f0f\u5ba3\u5e03\u5c06\u5728220\u5bb6\u5927\u578b\u95e8\u5e97\u5f00\u8bbe\u5b55\u5987\u670d\u88c5\u533a\u57df\uff0c\u53d1\u552e4\u79cd\u5b55\u5987\u4ea7\u54c1\u3002\u8fd9\u662f\u4f18\u8863\u5e93\u9996\u6b21\u4e13\u95e8\u4e3a\u5b55\u5987\u5f00\u8bbe\u4e00\u4e2a\u54c1\u7c7b\uff0c\u6b64\u4e3e\u76ee\u7684\u4e3b\u8981\u4e3a\u6ee1\u8db3\u5b55\u5987\u6d88\u8d39\u8005\u7684\u8981\u6c42\u3002\u4f18\u8863\u5e93\u5e0c\u671b\u80fd\u591f\u901a\u8fc7\u5f3a\u5316\u5546\u54c1\u79cd\u7c7b\u6765\u8d62\u5f97\u65b0\u7684\u6d88\u8d39\u8005\u3002\u4e0e\u6b64\u540c\u65f6\uff0c\u4f18\u8863\u5e93\u8fd8\u6269\u5145\u4e86\u5a74\u513f\u7528\u54c1\u79cd\u7c7b\uff0c7\u6708\u6700\u65b0\u63a8\u51fa\u9002\u5408\u65b0\u751f\u513f\u768450\u81f360\u5398\u7c73\u5c3a\u5bf8\u7684\u5185\u8863\u548c\u56f4\u5634\u7b494\u79cd\u5546\u54c1\u3002', 'key': 'content'}, {'value': u'http://img0.selfimg.com.cn/gq24640x/2017/08/30/1504053703_kGB7ym.jpg', 'key': 'img'}, {'value': u'\u7531\u5f53\u7ea2\u65f6\u5c1a\u54c1\u724cVetements\u8bbe\u8ba1\u5e08\u4e4b\u4e00\u7684 Demna Gvasalia \u6240\u62c5\u4efb\u521b\u610f\u603b\u76d1\u7684Balenciaga\u5c06\u57288\u670830\u81f39\u670819\u65e5\u4e8e\u4e1c\u4eac\u4f0a\u52bf\u4e39\u65b0\u5bbf\u672c\u5e97Mens\u9986\u5f00\u8bbe\u671f\u95f4\u9650\u5b9a\u5e97\uff0c\u9664\u4e86\u53ef\u4ee5\u5728\u5165\u9762\u627e\u5230\u5927\u70ed\u79cb\u51ac\u5546\u54c1\u4e4b\u5916\uff0c\u8fd8\u5e26\u6765\u4e86\u4e00\u7cfb\u5217\u5e97\u5185\u9650\u5b9a\u5546\u54c1\uff0c\u5982Political logo\u7684\u5e3d\u5b50\u3001\u80cc\u5305\u4ee5\u53ca\u4f4e\u7b52\u7248\u7684Speed Trainer \u7b49\u7b49\uff0c\u6709\u5174\u8da3\u4e86\u89e3\u66f4\u591a\u5546\u54c1\u8be6\u60c5\u7684\u53ef\u4ee5\u5230\u4f0a\u52bf\u4e39\u5b98\u65b9\u7f51\u7ad9\u67e5\u8be2\u3002', 'key': 'content'}, {'value': u'http://img0.selfimg.com.cn/gq24640x/2017/08/30/1504053754_TeQkY3.jpg', 'key': 'img'}, {'value': u'4. 95\u540e\u6210\u6d88\u8d39\u4e3b\u529b\u519b\u7684\u4e00\u90e8\u5206', 'key': 'subtitle'}, {'value': u'\u636e\u5e02\u573a\u8c03\u7814\u673a\u6784\u57c3\u68ee\u54f2\u6700\u65b0\u53d1\u5e03\u7684\u300a\u5168\u740395\u540e\u6d88\u8d39\u8005\u8c03\u7814\u4e2d\u56fd\u6d1e\u5bdf\u62a5\u544a\u300b\u663e\u793a\uff0c95\u540e\u51fa\u751f\u7684\u4eba\u53e3\u5df2\u7ecf\u63a5\u8fd1\u5168\u7403\u4eba\u53e3\u768425%\uff0c\u800c\u4e2d\u56fd\u8fd9\u4e00\u7fa4\u4f53\u7684\u89c4\u6a21\u8fbe2.5\u4ebf\u4eba\uff0c\u6708\u5747\u82b1\u8d39\u63a5\u8fd12015\u5e74\u5168\u56fd\u4eba\u5747\u6c34\u5e73\u53ef\u652f\u914d\u6708\u6536\u5165\u3002\u503c\u5f97\u6ce8\u610f\u7684\u662f\uff0c95\u540e\u7684\u8d2d\u7269\u9014\u5f84\u66f4\u52a0\u504f\u7231\u5b9e\u4f53\u95e8\u5e97\uff0c\u53e6\u5916\u670970%\u768495\u540e\u53d7\u8bbf\u8005\u8868\u793a\u6709\u5174\u8da3\u76f4\u63a5\u901a\u8fc7\u793e\u4ea4\u5a92\u4f53\u8fdb\u884c\u8d2d\u7269\u4ea4\u6613\u3002', 'key': 'content'}, {'value': u'http://img1.selfimg.com.cn/gq24640x/2017/08/30/1504053770_pD6L7K.jpg', 'key': 'img'}, {'value': u'\u7ee7\u53bb\u5e74 11\u6708\u63a8\u51fa\u201cNew York Made\u201d\u5ba3\u4f20\u6d3b\u52a8\u540e\uff0cNike\u8ba1\u5212\u4eca\u5e74\u5728\u672a\u6765\u4e24\u5468\u518d\u6b21\u4e3e\u529e\u4e00\u7cfb\u5217\u76f8\u5173\u54c1\u724c\u6d3b\u52a8\u548c\u65b0\u54c1\u53d1\u5e03\u3002\u9664\u4e86\u6b64\u524d\u81f4\u656c\u4f20\u5947\u7f51\u7403\u8fd0\u52a8\u5458Roger Federer\u7684RF19\uff0c9\u67086\u65e5\u81f39\u67088\u65e5\uff0c\u5c06\u5728\u534e\u5c14\u885723\u53f7\u5f00\u8bbe\u201cNike Off Campus\u201d\u5feb\u95ea\u5e97\u6765\u5c55\u793a\u548c\u7ebd\u7ea6\u6f6e\u724c Off-White\u8bbe\u8ba1\u5e08 Virgil Abloh\u5408\u4f5c\u63a8\u51fa\u7684\u201cThe Ten\u201d\u5ba3\u4f20\u6d3b\u52a8\u30029\u67089\u65e5\uff0c\u5c06\u5728\u7ebd\u7ea6Nike SoHo\u95e8\u5e97\u76846\u697c\u4e3e\u529e\u201cNike By You Jersey Suite\u201d\u6d3b\u52a8\uff0c\u5411\u6d88\u8d39\u8005\u4ecb\u7ecd\u8fd0\u52a8\u7403\u8863\u7684\u5386\u53f2\uff0c\u5e76\u7531\u827a\u672f\u5bb6Eric Elms\u4e3a\u5176\u5b9a\u5236\u5e26\u6709\u540d\u5b57\u3001\u53f7\u7801\u548c\u7279\u522b\u8865\u4e01\u7684\u4e2a\u6027\u5316\u7403\u8863\u30029\u670810\u65e5\uff0c\u7531Jordan Brand\u548c\u7ebd\u7ea6\u9ad8\u8857\u65f6\u5c1a\u54c1\u724cPublic School New York City\u5408\u4f5c\u8bbe\u8ba1\u7684Jordan x PSNY\u6210\u8863\u7cfb\u5217\u5c06\u5728\u7ebd\u7ea6\u65f6\u88c5\u5468\u671f\u95f4\u53d1\u5e03\uff0c\u5176\u4e2d\u8fd8\u5305\u542b\u4e00\u53cc PSNY x Air Jordan 15 \u7403\u978b\u30029\u670816\u65e5\uff0cNike \u5c06\u9996\u6b21\u63a8\u51fa \u201cNike By You\u201d \u5de5\u4f5c\u5ba4\u3002\u5b83\u5c06\u6210\u4e3a\u6c47\u805a Nike \u6700\u4f73\u5b9a\u5236\u4ea7\u54c1\u548c\u8054\u540d\u8bbe\u8ba1\u7684\u5168\u7403\u521b\u610f\u4e2d\u5fc3\u3002\u4ee5\u4e0a\u8fd9\u4e9b\u6d3b\u52a8\u90fd\u4f1a\u5411\u516c\u4f17\u5f00\u653e\u3002', 'key': 'content'}, None]",2017.08.30,http://www.gq.com.cn/fashion/news_13227209371f3913.html,优衣库将在店内开设孕妇用品区域
"[{'value': u'http://img1.selfimg.com.cn/gq24640x/2017/08/30/1504053425_e7qydu.jpg', 'key': 'img'}, {'value': u'\u6625\u79cb\u7a7f\u725b\u4ed4\u5939\u514b\uff0c\u597d\u50cf\u662f\u7406\u6240\u5f53\u7136\u7684\u4e8b\u60c5\uff0c\u663c\u591c\u6e29\u5dee\u6709\u70b9\u5927\u7684\u5165\u79cb\u96e8\u5b63\u91cc\uff0c\u767e\u642d\u53c8\u6321\u98ce\u7684\u725b\u4ed4\u5939\u514b\u53ef\u4ee5\u8bf4\u662f\u5fc5\u5907\u5355\u54c1\u3002\u884c\u8d70\u5728\u98ce\u91cc\u96e8\u91cc\u4e5f\u5f88\u6709\u5b89\u5168\u611f\uff0c\u642d\u914d\u4e00\u53cc\u6696\u9ec4\u8272\u7684\u8fd0\u52a8\u978b\uff0c\u6587\u9752\u8303\u513f\u7acb\u663e\uff0c\u4e0e\u4e0a\u534a\u8eab\u7684\u725b\u4ed4\u84dd\u642d\u914d\u8d77\u6765\u4e5f\u4e0d\u4f1a\u663e\u5f97\u5934\u91cd\u811a\u8f7b\u3002', 'key': 'content'}, {'value': u'\u4e0d\u8fc7\u8fd9\u4e00\u6b21\uff0c\u5927\u6982\u4f60\u9700\u8981\u7684\u4e0d\u518d\u662f\u90a3\u628a\u6f06\u9ed1\u7684\u957f\u67c4\u96e8\u4f1e\uff0c\u800c\u662f\u4e00\u628a\u5177\u6709\u5f3a\u5927\u642d\u914d\u4f5c\u7528\u7684\u900f\u660e\u4f1e\uff0c\u70ed\u64ad\u5267\u96c6\u7537\u4e3b\u89d2\u7684\u6837\u8c8c\u662f\u4e0d\u662f\u7acb\u523b\u8111\u8865\u4e86\u51fa\u6765\u3002\u800c\u672c\u8eab\u5c31\u4e4c\u4e91\u5bc6\u5e03\u7684\u4e0b\u96e8\u5929\u91cc\uff0c\u4e00\u628a\u900f\u660e\u96e8\u4f1e\u8ba9\u89c6\u91ce\u66f4\u52a0\u655e\u4eae\uff0c\u5fc3\u60c5\u4e5f\u4f1a\u8ddf\u7740\u660e\u6717\u8bb8\u591a\u3002', 'key': 'content'}, {'value': u'http://img2.selfimg.com.cn/gq24640x/2017/08/30/1504053443_8M98zq.jpg', 'key': 'img'}, {'value': u'Dashton\u725b\u4ed4\u5939\u514b\uff1aDiesel from farfetch', 'key': 'subtitle'}, {'value': u'http://img2.selfimg.com.cn/gq24640x/2017/08/30/1504053457_966pTd.jpg', 'key': 'img'}, {'value': u'\u77ed\u6b3e\u5939\u514b\uff1aLevi\u2019s from farfetch', 'key': 'subtitle'}, {'value': u'http://img2.selfimg.com.cn/gq24640x/2017/08/30/1504053475_1NBezB.jpg', 'key': 'img'}, {'value': u'Iniki\u8fd0\u52a8\u978b\uff1aAdidas from farfetch', 'key': 'subtitle'}, None]",2017.08.30,http://www.gq.com.cn/fashion/news_153396ea534ee7dd.html,每日穿搭｜穿不了透明鞋用不了透明包打透明雨伞总可以
"[{'value': u'\u5982\u679c\u5728\u8003\u8651\u9009\u62e9\u4e00\u4ef6\u966a\u4f34\u4f60\u4ece\u590f\u672b\u5230\u521d\u79cb\u7684\u5355\u54c1\uff0c\u98ce\u8863\u7edd\u5bf9\u662f\u6700\u597d\u7684\u9009\u62e9\u3002', 'key': 'content'}, {'value': u'http://img2.selfimg.com.cn/gq24640x/2017/08/03/1501719380_BICCeG.jpg', 'key': 'img'}, {'value': u'Burberry', 'key': 'subtitle'}, {'value': u'Burberry\u7684\u6218\u58d5\u98ce\u8863\u76f8\u4fe1\u6bcf\u4e2a\u4eba\u90fd\u4f1a\u5728\u8863\u6a71\u91cc\u6536\u85cf\u4e00\u4ef6\u3002\u53d7\u5230\u5efa\u7b51\u98ce\u683c\u5f71\u54cd\u7684Christopher Bailey\u5728\u8896\u53e3\u4e0a\u505a\u7684\u5c0f\u7ec6\u8282\u8ba9\u8fd9\u4ef6\u98ce\u8863\u6210\u4e3a\u5f53\u5b63\u975e\u5e38\u503c\u5f97\u8d2d\u5165\u7684\u660e\u661f\u5355\u54c1\u3002', 'key': 'content'}, {'value': u'http://img1.selfimg.com.cn/gq24640x/2017/08/03/1501719399_XBmwT7.jpg', 'key': 'img'}, {'value': u'Herm\xe8s', 'key': 'subtitle'}, {'value': u'Herm\xe8s\u7684\u98ce\u8863\u5728\u8896\u53e3\u62fc\u4e0a\u4e86\u8003\u7a76\u7684\u76ae\u8fb9\u3002', 'key': 'content'}, {'value': u'http://img1.selfimg.com.cn/gq24640x/2017/08/03/1501719414_NiDnLL.jpg', 'key': 'img'}, {'value': u'Alexander McQueen', 'key': 'subtitle'}, {'value': u'Alexander McQueen\u7684\u98ce\u8863\u5219\u9009\u7528\u4e86\u77ed\u6b3e\u548c\u7f55\u89c1\u7684\u5929\u84dd\u8272\u7684\u8bbe\u8ba1\uff0c\u90fd\u662f\u58ee\u5927\u4f60\u7684\u8863\u6a71\u9635\u5bb9\u7684\u597d\u9009\u62e9\u3002', 'key': 'content'}, {'value': u'http://img1.selfimg.com.cn/gq24640x/2017/08/03/1501719438_oxe7qE.jpg', 'key': 'img'}, {'value': u'Oliver Cheshire\u9009\u62e9\u4e86\u5f88\u96be\u9a7e\u9a6d\u7684\u6a58\u9ec4\u8272\u98ce\u8863\uff0c\u4e0d\u8fc7\u9ed1\u9ad8\u9886\u886b\u964d\u4f4e\u4e86\u7a7f\u642d\u96be\u5ea6\u3002', 'key': 'content'}, {'value': u'http://img0.selfimg.com.cn/gq24640x/2017/08/03/1501719449_BcywLV.jpg', 'key': 'img'}, {'value': u'\u8c01\u80fd\u60f3\u5230\u98de\u884c\u5458\u5939\u514b\u53ef\u4ee5\u5ac1\u63a5\u5230\u98ce\u8863\u7684\u6b3e\u5f0f\u4e0a\u5462\uff1f\u52a0\u4e0a\u62c9\u94fe\u7ec6\u8282\u7684\u98ce\u8863\u7684\u786e\u66f4\u52a0\u62a2\u773c\u3002', 'key': 'content'}, {'value': u'http://img0.selfimg.com.cn/gq24640x/2017/08/03/1501719460_7Qg4T7.jpg', 'key': 'img'}, {'value': u'\u9632\u76b1\u6750\u8d28\u7684\u98ce\u8863\u662f\u65c5\u884c\u65f6\u6700\u597d\u7684\u9009\u62e9\uff0c\u968f\u4fbf\u585e\u5728\u884c\u674e\u7bb1\u91cc\u4e5f\u4e0d\u4f1a\u663e\u5f97\u8fc7\u4e8e\u51cc\u4e71\u3002', 'key': 'content'}, {'value': u'http://img0.selfimg.com.cn/gq24640x/2017/08/03/1501719475_XP4Ho4.jpg', 'key': 'img'}, {'value': u'Alex Badia\u7684\u7a7f\u8863\u98ce\u683c\u8d8a\u6765\u8d8a\u597d\u770b\u4e86\uff0c\u98ce\u8863\u7684\u6c89\u7a33\u914d\u8272\u628a\u5185\u91cc\u6bdb\u8863\u8df3\u8dc3\u7684\u8272\u5f69\u538b\u4e86\u4e0b\u6765\u3002', 'key': 'content'}, None]",2017.08.31,http://www.gq.com.cn/fashion/news/news_1915388fcbe63fb2.html,换季时分的轻装良伴
"[{'value': u'\u8fd9\u4ef6\u536b\u88e4\u5728\u610f\u5927\u5229\u7531\u8f7b\u8d28\u7f8a\u6bdb\u5236\u6210\uff0c\u9970\u4ee5\u9ed1\u3001\u767d\u3001\u7ea2\u548c\u7c73\u8272\u7ecf\u5178\u7761\u8863\u6761\u7eb9\u56fe\u6848\uff0c\u5e26\u6709\u88e4\u7ebf\u7684\u8bbe\u8ba1\u6dfb\u4e0a\u4e86\u5c11\u8bb8\u6b63\u5f0f\u611f\uff0c\u7136\u800c\u677e\u7d27\u5e26\u7684\u88e4\u8170\u8bbe\u8ba1\u5374\u53c8\u4ee4\u4eba\u610f\u60f3\u4e0d\u5230\u5730\u5e26\u6709\u4f11\u95f2\u6c14\u606f\u3002', 'key': 'content'}, {'value': u'http://img3.selfimg.com.cn/gq24640x/2017/08/30/1504053191_HupyUJ.jpg', 'key': 'img'}, {'value': u'\u683c\u7eb9\u4e5d\u5206\u88e4\uff1aGucci', 'key': 'subtitle'}, {'value': u'\u5355\u5355\u4e00\u4ef6\u683c\u7eb9\u4e5d\u5206\u88e4\u5c31\u975e\u5e38\u5177\u5907\u7279\u8272\uff0c\u4e3a\u4e86\u4e0d\u4f7f\u642d\u914d\u8fc7\u4e8e\u6d6e\u5938\uff0c\u7528\u4f4e\u8c03\u5374\u4e0d\u5931\u6b63\u5f0f\u7684\u5fb7\u6bd4\u978b\u548c\u767d\u8272\u886c\u886b\u6765\u642d\u914d\u3002', 'key': 'content'}, {'value': u'http://img2.selfimg.com.cn/gq24640x/2017/08/30/1504053224_ARNXYk.jpg', 'key': 'img'}, {'value': u'\u7f16\u7ec7\u5fb7\u6bd4\u978b\uff1aBottega Veneta', 'key': 'subtitle'}, {'value': u'\u767d\u8272T\u6064\u548c\u677f\u978b\u6765\u914d\u5408\u8fd9\u6761\u5907\u5177\u8bbe\u8ba1\u611f\u7684\u4e5d\u5206\u88e4\u6b63\u597d\uff0c\u7b80\u7ea6\u7684\u8bbe\u8ba1\u4e0d\u4ec5\u4e0d\u4f1a\u593a\u5176\u98ce\u91c7\uff0c\u4e14\u80fd\u66f4\u597d\u5730\u5c55\u73b0\u51fa\u683c\u7eb9\u7684\u8bbe\u8ba1\u611f\u3002', 'key': 'content'}, {'value': u'http://img1.selfimg.com.cn/gq24640x/2017/08/30/1504053247_jvBR5e.jpg', 'key': 'img'}, {'value': u'\u6df1\u8272\u80cc\u5305\uff1aCos', 'key': 'subtitle'}, {'value': u'\u8fd9\u5957\u642d\u914d\u610f\u5728\u5c06\u590d\u53e4\u8fdb\u884c\u5230\u5e95\uff0c\u5c06\u540c\u4e3aGucci\u7684\u9ec4\u8272\u5370\u82b1\u886c\u886b\u968f\u6027\u5730\u675f\u8fdb\u4e5d\u5206\u88e4\u4e2d\u6765\u8425\u9020\u4e00\u79cd\u9ad8\u8170\u7684\u611f\u89c9\uff0c\u53e6\u5916\u914d\u4e0a\u4e00\u6b3e\u201c\u9739\u96f3\u201d\u8170\u5305\u968f\u65f6\u90fd\u80fd\u53c2\u52a0\u4e00\u573a\u590d\u53e4party\u3002', 'key': 'content'}, {'value': u'http://img0.selfimg.com.cn/gq24640x/2017/08/30/1504053272_5Bk7eq.jpg', 'key': 'img'}, {'value': u'\u9ed1\u8272\u8170\u5305\uff1aAMI', 'key': 'subtitle'}, None]",2017.08.30,http://www.gq.com.cn/fashion/news_1412de5ffb88e719.html,上海人睡裤style终于熬出了头
"[{'value': u'Dafydd Jones, Magdalen Commemoration Ball, Oxford, 1988 c Dafydd Jones', 'key': 'subtitle'}, {'value': u'\u300c\u6211\u5728\u6545\u6211\u5728\u300d\u82f1\u56fd\u65f6\u5c1a\u6444\u5f71\u5c55\u5c06\u5728Burberry\u4f4d\u4e8e\u514b\u52d2\u80af\u7ef4\u5c14\u7684\u5168\u65b0\u79c0\u573a\u2014\u2014Old Sessions House\u5c55\u51fa\uff0c\u5171\u6709\u4e09\u5c42\u697c\u4f5c\u4e3a\u5c55\u89c8\u533a\u57df\uff0c\u4f9d\u7167\u4e0d\u540c\u4e3b\u9898\u8fdb\u884c\u9648\u5217\uff0c\u6298\u5c04\u51fa\u82f1\u4f26\u751f\u6d3b\u7684\u65b9\u65b9\u9762\u9762\u3002\u800c\u5728\u4e0d\u540c\u7684\u5c55\u89c8\u4e3b\u9898\u4e4b\u4e0b\uff0c\u6bcf\u4f4d\u6444\u5f71\u5e08\u7684\u4e3b\u8981\u4f5c\u54c1\u5219\u5c06\u4ee5\u72ec\u7acb\u4e13\u9898\u7684\u5f62\u5f0f\u8fdb\u884c\u5c55\u793a\u3002', 'key': 'content'}, {'value': u'\u540c\u65f6\uff0cBurberry\u4ea6\u4e8e\u4eca\u65e5\u5ba3\u5e03\u4e0e\u6444\u5f71\u5e08Alasdair McLellan\u8fdb\u884c\u5168\u65b0\u521b\u610f\u5408\u4f5c\uff0c\u4ed6\u5c06\u4e3a\u54c1\u724c\u521b\u4f5c\u5f71\u50cf\u4f5c\u54c1\u96c6\u3002\u81ea\u5373\u65e5\u8d77\uff0c\u54c1\u724c\u793e\u4ea4\u5a92\u4f53\u5e73\u53f0\u5c06\u6301\u7eed\u53d1\u5e03\u4ed6\u7684\u6444\u5f71\u4f5c\u54c1\uff0c\u800c\u7531\u5176\u521b\u4f5c\u7684\u5168\u65b0\u8096\u50cf\u4f5c\u54c1\u8fd8\u5c06\u5728\u63a5\u4e0b\u6765\u7684\u6570\u6708\u95f4\u4e00\u4e00\u63ed\u6653\u3002', 'key': 'content'}, {'value': u'\u4e3a\u5e86\u795d\u8fd9\u4e00\u522b\u5177\u4e00\u683c\u7684\u521b\u610f\u5408\u4f5c\uff0c\u300c\u6211\u5728\u6545\u6211\u5728\u300d\u65f6\u5c1a\u6444\u5f71\u5c55\u5c06\u72ec\u5bb6\u5c55\u51fa\u53e6\u4e00\u7279\u522b\u7cfb\u5217\u2014\u2014\u903e70\u4ef6\u6765\u81eaMcLellan\u5148\u751f\u7684\u4f5c\u54c1\uff0c\u8fd9\u4e00\u5c55\u51fa\u4f5c\u54c1\u6570\u91cf\u4e5f\u521b\u4e0b\u5176\u4e2a\u4eba\u751f\u6daf\u7eaa\u5f55\u3002\u5c55\u89c8\u5c06\u5305\u542b\u5176\u56db\u4e2a\u90e8\u5206\u7684\u4f5c\u54c1\uff0c\u5b83\u4eec\u5206\u522b\u6444\u4e8e\u82f1\u683c\u5170\u3001\u5317\u7231\u5c14\u5170\u3001\u82cf\u683c\u5170\u4ee5\u53ca\u5a01\u5c14\u58eb\u3002\u6b64\u5916\uff0c\u90e8\u5206\u5c1a\u672a\u516c\u5f00\u9762\u4e16\u7684\u4f5c\u54c1\u4e5f\u5c06\u4e8e\u6b64\u65f6\u5c1a\u6444\u5f71\u5c55\u4e0a\u9996\u6b21\u4eae\u76f8\u3002', 'key': 'content'}, {'value': u'\u7075\u611f\u6765\u6e90\u4e8e\u82f1\u56fd\u793e\u4f1a\u4eba\u50cf\u6444\u5f71\u4e4b\u7075\u97f5\uff0c\u5168\u65b0Burberry 2017\u4e5d\u6708\u7537\u5973\u88c5\u7cfb\u5217\u5c06\u4e8e9\u670816\u65e5\u661f\u671f\u516d\u665a\u4e0a7\u70b9\uff08\u4f26\u6566\u5f53\u5730\u65f6\u95f4\uff09Old Sessions House\u76db\u5927\u53d1\u5e03\u3002\u8be5\u7cfb\u5217\u5c06\u5ef6\u7eed\u5373\u770b\u5373\u4e70\u6a21\u5f0f\uff0c\u5e76\u4e8e\u5168\u7403\u540c\u6b65\u4e0a\u5e02\uff0c\u8fd8\u5c06\u5728Old Sessions House\u6301\u7eed\u5c55\u51fa\u3002', 'key': 'content'}, {'value': u'Ken Russell, In Your Dreams, January 1955 c TopFoto_ Ken Russell', 'key': 'subtitle'}, {'value': u'\u300c\u6211\u5728\u6545\u6211\u5728\u300d\u82f1\u56fd\u65f6\u5c1a\u6444\u5f71\u5c55', 'key': 'content'}, {'value': u'2017\u5e749\u670818\u65e5 - 2017\u5e7410\u67081\u65e5', 'key': 'content'}, {'value': u'Old Sessions House', 'key': 'content'}, {'value': u'\u514b\u52d2\u80af\u7ef4\u5c14\u683c\u679722\u53f7', 'key': 'content'}, {'value': u'\u4f26\u6566, EC1', 'key': 'content'}, {'value': u'\u514d\u8d39\u5165\u573a', 'key': 'content'}, {'value': u'\u7f16\u8f91\u7b14\u8bb0', 'key': 'content'}, {'value': u'Christopher Bailey----\u300c\u6211\u5728\u6545\u6211\u5728\u300d\u65f6\u5c1a\u6444\u5f71\u5c55\u7b56\u5c55\u4eba', 'key': 'content'}, {'value': u'Christopher Bailey\u5148\u751f\uff08\u51fa\u751f\u4e8e\u7ea6\u514b\u90e1\uff09\uff0c\u73b0\u4efb\u82f1\u56fd\u5962\u4f88\u65f6\u5c1a\u54c1\u724cBurberry\u603b\u88c1\u517c\u9996\u5e2d\u521b\u610f\u5b98\uff0c\u4ed6\u4e8e2001\u5e74\u52a0\u5165\u54c1\u724c\u3002\u957f\u671f\u4ee5\u6765\uff0c\u4ed6\u7ed9\u4e88\u82f1\u56fd\u5404\u5927\u673a\u6784\u7684\u521b\u610f\u4eba\u624d\u4e00\u5982\u65e2\u5f80\u7684\u652f\u6301\u4e0e\u6307\u5bfc\uff0c\u5305\u62ec\u7687\u5bb6\u827a\u672f\u5b66\u9662\u3001\u5207\u5c14\u897f\u827a\u672f\u4e0e\u8bbe\u8ba1\u5b66\u9662\u4ee5\u53ca\u54c8\u5fb7\u65af\u83f2\u5c14\u5fb7\u5927\u5b66\u3002\u5728\u52a0\u5165Burberry\u4e4b\u524d\uff0c\u4ed6\u66fe\u5728\u7c73\u5170\u62c5\u4efbGucci\u54c1\u724c\u9ad8\u7ea7\u5973\u88c5\u8bbe\u8ba1\u5e08\uff0c\u4e5f\u66fe\u662fDonna Karen\u54c1\u724c\u7684\u5973\u88c5\u8bbe\u8ba1\u5e08\u3002', 'key': 'content'}, {'value': u'\u201c\u5f53\u6211\u4eec\u5f00\u59cb\u601d\u8003\u7b56\u5212\u300c\u6211\u5728\u6545\u6211\u5728\u300d\u6444\u5f71\u5c55\u65f6\uff0c\u6211\u5c31\u6e05\u695a\u5730\u77e5\u9053\u6211\u60f3\u901a\u8fc7\u5b83\u81f4\u656c\u6211\u6240\u4e00\u76f4\u949f\u7231\u7684\u82f1\u56fd\u6444\u5f71\u2014\u2014\u8fd9\u4e9b\u5f71\u50cf\u8bb0\u5f55\u4e86\u6211\u4eec\u8fd9\u4e2a\u62e5\u6709\u4f17\u591a\u4e0d\u540c\u90e8\u843d\u3001\u65cf\u7fa4\u4e0e\u9636\u7ea7\u7684\u5c9b\u56fd\u3002', 'key': 'content'}, {'value': u'\u5c06\u8fd9\u4e00\u7cfb\u5217\u7684\u4f18\u79c0\u6444\u5f71\u5e08\u7684\u4f5c\u54c1\u6c47\u805a\u8d77\u6765\uff0c\u5bf9\u6211\u4eec\u800c\u8a00\u65e0\u7591\u662f\u8363\u5e78\u4e4b\u81f3\u3002\u8fd9\u4e9b\u4f5c\u54c1\u957f\u671f\u4ee5\u6765\u5bf9\u6211\u4ea7\u751f\u4e86\u6df1\u8fdc\u5f71\u54cd\u3002\u5b83\u4eec\u52fe\u52d2\u51fa\u82f1\u5f0f\u751f\u6d3b\u7684\u70b9\u70b9\u6ef4\u6ef4\uff0c\u8ba9\u6211\u4eec\u53bb\u611f\u77e5\u751f\u6d3b\u7684\u4e0d\u540c\u5bfb\u5e38\u4e0e\u5e73\u51e1\uff0c\u611f\u53d7\u73b0\u5b9e\u751f\u6d3b\u7684\u7f8e\u597d\u4e0e\u6b8b\u9177\u3002', 'key': 'content'}, {'value': u'\u6b63\u662f\u8fd9\u4e9b\u4f5c\u54c1\u7684\u7cbe\u9ad3\u2014\u2014\u65f6\u800c\u6709\u7740\u53cd\u8bbd\u7684\u610f\u5473, \u65f6\u800c\u4e5f\u5e26\u7ed9\u4f60\u7ec6\u817b\u6e29\u548c, \u5374\u603b\u662f\u5982\u6b64\u771f\u5207\uff0c\u7531\u6b64\u6210\u4e3a\u6211\u4eec\u521b\u4f5c\u54c1\u724c\u5168\u65b0\u4e5d\u6708\u7537\u5973\u88c5\u7cfb\u5217\u7684\u7075\u611f\u6e90\u6cc9\u3002\u6211\u4eec\u5c06\u6c47\u96c6\u8fd9\u4e9b\u4f18\u79c0\u6444\u5f71\u5e08\u7684\u4f5c\u54c1\u5728\u5168\u65b0\u65f6\u88c5\u79c0\u573a\u4e2d\u4e3e\u884c\u4e00\u4e2a\u5c55\u89c8, \u793c\u8d5e\u82f1\u4f26\u751f\u6d3b\u65b9\u5f0f\u4e0e\u7740\u88c5\u4e4b\u9053\u3002\u201d \u2014\u2014Christopher Bailey\uff0cBurberry\u603b\u88c1\u517c\u9996\u5e2d\u521b\u610f\u5b98', 'key': 'content'}, {'value': u'Lucy Kumara Moore----\u300c\u6211\u5728\u6545\u6211\u5728\u300d\u65f6\u5c1a\u6444\u5f71\u5c55\u7b56\u5c55\u4eba', 'key': 'content'}, {'value': u'Moore\u5973\u58eb\uff08\u51fa\u751f\u4e8e\u4f26\u6566\uff09\u76ee\u524d\u62c5\u4efb\u4e13\u4e1a\u65f6\u5c1a\u53ca\u6444\u5f71\u4e66\u5e97Claire de Rouen\u7684\u603b\u76d1\uff0c\u540c\u65f6\uff0c\u5979\u4e5f\u662f\u5f53\u4ee3\u6444\u5f71\u53ca\u65f6\u5c1a\u754c\u7684\u77e5\u540d\u7b56\u5c55\u4eba\u53ca\u4f5c\u5bb6\u3002\u65e9\u5e74\u5979\u66fe\u5728\u5251\u6865\u5927\u5b66\u7814\u7a76\u827a\u672f\u53f2\uff0c\u4e4b\u540e\u5728\u5207\u5c14\u897f\u827a\u672f\u8bbe\u8ba1\u5b66\u9662\u548c\u7687\u5bb6\u827a\u672f\u5b66\u9662\u7814\u4e60\u7ed8\u753b\u3002', 'key': 'content'}, {'value': u'\u201c\u6211\u4e00\u76f4\u7740\u8ff7\u4e8e\u82f1\u5f0f\u2018\u793e\u4f1a\u4eba\u50cf\u2019\u6444\u5f71\u2014\u2014\u8fd9\u4e00\u6444\u5f71\u6d41\u6d3e\u5728\u4e2a\u4eba\u4e3b\u4e49\u4e0e\u96c6\u4f53\u4e3b\u4e49\u7684\u53cc\u91cd\u89c6\u89d2\u4e0b\u63ed\u793a\u4e86\u6211\u4eec\u662f\u5982\u4f55\u751f\u6d3b\u3001\u5de5\u4f5c\u3001\u68a6\u60f3\u3001\u6b22\u5e86\u4ee5\u53ca\u9762\u5bf9\u6311\u6218\u3002\u56e0\u6b64, \u80fd\u88abChristopher\u9080\u8bf7\u4e0e\u4ed6\u4e00\u540c\u7b56\u5212\u8fd9\u6b21\u5c55\u89c8\uff0c\u6211\u611f\u5230\u975e\u5e38\u8363\u5e78\u3002\u4ed6\u5bf9\u6b64\u6709\u7740\u6d53\u539a\u7684\u5174\u8da3\u3002\u540c\u65f6\uff0c\u4ed6\u4e3b\u529e\u6b64\u6b21\u5c55\u89c8\u7684\u60f3\u6cd5\u66f4\u4f53\u73b0\u4e86\u54c1\u724c\u5728\u5bf9\u4e8e\u65f6\u5c1a\u4e0e\u89c6\u89c9\u6587\u5316\u4e4b\u95f4\u7d27\u5bc6\u5173\u8054\u7684\u5f00\u9614\u89c6\u91ce\u3002\u201d \u2014\u2014Lucy Kumara Moore', 'key': 'content'}, {'value': u'Alasdir McLellan----\u300c\u6211\u5728\u6545\u6211\u5728\u300d\u65f6\u5c1a\u6444\u5f71\u5c55\u8054\u5408\u7b56\u5c55\u4eba', 'key': 'content'}, {'value': u'McLellan\u5148\u751f\uff08\u51fa\u751f\u4e8e\u5510\u514b\u65af\u7279\uff09\u662f\u4e00\u4f4d\u957f\u671f\u81f4\u529b\u4e8e\u793e\u4f1a\u4eba\u50cf\u6444\u5f71\u7684\u82f1\u56fd\u6444\u5f71\u5e08\u3002\u4ed6\u7684\u4f5c\u54c1\u4ee5\u5bf9\u4eba\u7269\u8096\u50cf\u7684\u654f\u9510\u6d1e\u5bdf\u529b\u800c\u95fb\u540d\u3002\u65e0\u8bba\u4e3b\u9898\u5982\u4f55\uff0c\u4ece\u4e2d\u90fd\u80fd\u611f\u53d7\u5230\u5176\u4e30\u5bcc\u7684\u4e2a\u4eba\u60c5\u611f\u94fe\u63a5\u4ee5\u53ca\u5bd3\u610f\u6df1\u523b\u7684\u8868\u8fbe\u3002McLellan\u7684\u7b2c\u4e00\u672c\u4f5c\u54c1\u96c6\u300aUltimate Clothing Company\u300b\u4e8e2013\u5e74\u51fa\u7248\uff0c\u8bb0\u5f55\u4e86\u73b0\u4ee3\u82f1\u56fd\u7684\u9633\u521a\u4e4b\u6c14 \u30022016\u5e74\uff0c\u4ed6\u7684\u7b2c\u4e8c\u672c\u4f5c\u54c1\u96c6\u300aCeremony\u300b\u51fa\u7248\uff0c\u4ee5\u4ed62006\u6240\u62cd\u6444\u7684\u82f1\u56fd\u9646\u519b\u4eea\u4ed7\u961f\u4e3a\u4e3b\u9898\u3002', 'key': 'content'}, {'value': u'\u66f4\u591a\u8be6\u60c5\uff0c\u8bf7\u70b9\u51fb ', 'key': 'content'}, {'value': u""Martin Parr, O'Connell Bridge, Dublin, Ireland, October 1981 \xa0c Martin Parr _ Magnum Photos _ Rocket Gallery"", 'key': 'subtitle'}, {'value': u'\u300c\u6211\u5728\u6545\u6211\u5728\u300d\u82f1\u56fd\u65f6\u5c1a\u6444\u5f71\u5c55', 'key': 'content'}, {'value': u'\u201c\u6211\u5728\u6545\u6211\u5728\u201d\u65f6\u5c1a\u6444\u5f71\u5c55\u5c06\u5c55\u51fa\u6765\u81eaAlasdair McLellan\u3001 Andy Sewell\u3001Armet Francis\u3001Bill Brandt\u3001Brian Griffin\u3001Charlie Phillips\u3001Chris Steele-Perkins\u3001Colin Jones\u3001Colin O\u2019Brien\u3001Dafydd Jones\u3001Daniel Meadows\u3001Homer Sykes\u3001Ian Berry\u3001Ian Macdonald\u3001Ian Tyas\u3001Jane Bown\u3001Janette Beckman\u3001Jeremy Sutton-Hibbert\u3001Jo Spence\u3001Karen Knorr\u3001Ken Russell\u3001Mark Power\u3001Martin Parr\u3001Olivier Richon\u3001Peter Marlow\u3001Roger Mayne\u3001Shirley Baker\u3001Stuart Franklin\u3001Tessa Traeger\u3001Tom Wood \u4e0eTony Ray-Jones\u7b4930\u591a\u4f4d\u6444\u5f71\u5e08\uff0c\u5171\u8ba1\u903e200\u4ef6\u4f5c\u54c1\u3002', 'key': 'content'}, {'value': u'\u79c0\u573aOld Sessions House', 'key': 'content'}, {'value': u'\u4eca\u5e74\u4e5d\u6708\uff0cBurberry\u4e5d\u6708\u7cfb\u5217\u65f6\u88c5\u79c0\u5c06\u5728\u5168\u65b0\u79c0\u573a\u2014\u2014\u4f4d\u4e8e\u514b\u52d2\u80af\u7ef4\u5c14\u7684Old Sessions House\u4e3e\u884c\u3002\u8fd9\u662f\u8be5\u573a\u5730\u5b8c\u6210\u6574\u4fee\u540e\u9996\u6b21\u5411\u516c\u4f17\u5f00\u653e\u3002\u9664\u6444\u5f71\u5c55\u5916\uff0cOld Sessions House\u8fd8\u5c06\u4e3e\u529e\u4e00\u7cfb\u5217\u6d3b\u52a8\uff0c\u5305\u62ec\u535a\u67cf\u5229\u5168\u5929\u5496\u5561\u9986Thomas\u2019s\u7684\u4e34\u65f6\u5e97\u4ee5\u53caClaire de Rouen\u4e66\u5e97\u7684\u5f00\u5e55\u3002', 'key': 'content'}, {'value': u'Old Sessions House\u6bcf\u65e5\u5f00\u653e\u65f6\u95f4\uff1a2017\u5e749\u670818\u65e5\u81f310 \u67081\u65e5\uff0c\u4e0a\u534810\u70b9\u81f3\u665a\u4e0a9\u70b9\u3002', 'key': 'content'}, {'value': u'Old Sessions House\u662f\u4e00\u680b18\u4e16\u7eaa\u76842\u7ea7\u5386\u53f2\u4fdd\u62a4\u5efa\u7b51\uff0c1779\u5e74\u5f00\u59cb\u5efa\u9020\uff0c\u5e76\u4e8e1782\u5e74\u4f5c\u4e3a\u5bc6\u5fb7\u8428\u65af\u90e1\u8bae\u9662\u6295\u5165\u4f7f\u7528\uff0c\u5b83\u66fe\u4e00\u5ea6\u6210\u4e3a\u5f53\u65f6\u82f1\u683c\u5170\u6700\u5927\u7684\u6cd5\u9662\u5927\u697c\u3002\u65e0\u6570\u827a\u672f\u5bb6\u4ee5\u53ca\u6444\u5f71\u5e08\u88ab\u5b83\u7684\u5efa\u7b51\u67b6\u6784\u6240\u5438\u5f15\uff0c\u5176\u4e3b\u4f53\u5efa\u7b51\u4e3a\u5e15\u62c9\u7b2c\u5965\u5efa\u7b51\u98ce\u683c\uff0c\u5916\u7acb\u9762\u7531\u6ce2\u7279\u5170\u5927\u7406\u77f3\u6784\u6210\uff0c\u5185\u90e8\u4e2d\u592e\u5219\u6709\u5de8\u5927\u7684\u683c\u5b50\u7a79\u9876\u3002', 'key': 'content'}, {'value': u'\u66f4\u591a\u8be6\u60c5\uff0c\u8bf7\u70b9\u51fb ', 'key': 'content'}]",2017.08.30,http://www.gq.com.cn/fashion/news/news_1623fdc47eb84518.html,Burberry将于9月时装周举办时尚摄影展，探索英伦生活方式 
content,pub_date,url_origin,title
"[{'value': u'http://img0.selfimg.com.cn/gq24640x/2017/08/29/1503967512_JnXbSe.jpg', 'key': 'img'}, {'value': u'\u675c\u6d77\u6d9b\u73b0\u8eab\u673a\u573a', 'key': 'subtitle'}, {'value': u'\u90a3\u4e9b\u5fc3\u4eea\u5df2\u4e45\uff0c\u4f46\u4f3c\u4e4e\u5e76\u4e0d\u592a\u9002\u5408\u672c\u4eba\u7684\u5355\u54c1\u672a\u5fc5\u5c31\u662f\u7981\u533a\uff0c\u5076\u5c14\u5c1d\u5c1d\u9c9c\u4e5f\u65e0\u59a8\u3002\u4e0d\u8fc7\uff0c\u65e2\u7136\u60f3\u8981\u5c1d\u9c9c\uff0c\u6700\u8d77\u7801\u5f97\u6709\u70b9\u8bda\u610f\u6765\u4e2a\u5168\u5957\u7684\u5427\uff0c\u968f\u4fbf\u62ab\u4ef6\u5355\u54c1\u51fa\u95e8\u53ef\u4e0d\u592a\u8bb2\u7a76\uff0cso\u8ff7\u5f69\u77ed\u88e4\u5148\u6362\u4e00\u6362\u5427\u3002', 'key': 'content'}, {'value': u'http://img0.selfimg.com.cn/gq24640x/2017/08/29/1503967531_TslM8x.jpg', 'key': 'img'}, {'value': u'Dsquared2\u4fee\u8eab\u77f3\u6d17\u725b\u4ed4\u88e4From Farfetch', 'key': 'subtitle'}, {'value': u'http://img0.selfimg.com.cn/gq24640x/2017/08/29/1503967560_lThZJ4.jpg', 'key': 'img'}, {'value': u'\u9ad8\u4ee5\u7fd4\u51fa\u5e2dDior For Love \u6447\u6eda\u4f60\u7684\u5507\u6d3e\u5bf9', 'key': 'subtitle'}, {'value': u'\u603b\u7684\u6765\u8bf4\uff0c\u8fd8\u662f\u8ddf\u672c\u4eba\u5951\u5408\u5ea6\u86ee\u9ad8\u7684\u4e00\u5957\u88c5\u626e\uff0c\u53ea\u662f\u5728\u989c\u8272\u642d\u914d\u4e0a\u4f3c\u4e4e\u6b20\u70b9\u706b\u5019\u3002\u767d\u8272T\u6064\u4e0e\u767d\u8272\u957f\u88e4\u7684\u786e\u505a\u5230\u4e86\u9996\u5c3e\u547c\u5e94\uff0c\u4f46\u4ece\u7167\u7247\u6765\u770b\uff0c\u4e0d\u591f\u4e0a\u955c\u4e5f\u662f\u4e8b\u5b9e\u3002\u5927\u9762\u79ef\u7684\u767d\u8272\u4ee5\u53ca\u722c\u6ee1\u957f\u88e4\u7684\u8936\u76b1\u8ba9\u6240\u6709\u5355\u54c1\u770b\u8d77\u6765\u592a\u8fc7\u201c\u72ec\u7acb\u201d\uff0c\u7f3a\u4e4f\u4e86\u4e00\u4e9b\u6574\u4f53\u6027\u3002\u4e3a\u6b64\uff0c\u4e0d\u59a8\u7528\u4e0e\u4e0a\u88c5\u540c\u8272\u7cfb\u7684\u957f\u88e4\u4f5c\u4e3a\u642d\u914d\uff0c\u628a\u767d\u8272\u5316\u4f5c\u70b9\u7f00\uff0c\u4ee4\u4ee5\u4e0alook\u770b\u8d77\u6765\u66f4\u5b8c\u6574\uff0c\u4e5f\u66f4\u6d41\u7545\u3002', 'key': 'content'}, {'value': u'http://img2.selfimg.com.cn/gq24640x/2017/08/29/1503967584_AfoPr2.jpg', 'key': 'img'}, {'value': u'Jacob Cohen\u4fee\u8eab\u725b\u4ed4\u88e4', 'key': 'subtitle'}, {'value': u'http://img2.selfimg.com.cn/gq24640x/2017/08/29/1503967601_yf0erZ.jpg', 'key': 'img'}, {'value': u'\u9648\u67cf\u9716\u51fa\u5e2d\u62a4\u80a4\u54c1\u724c\u6d3b\u52a8', 'key': 'subtitle'}, {'value': u'\u597d\u770b\u7684\u5fb7\u6bd4\u978b\uff0c\u4f46\u9057\u61be\u7684\u662f\u4e0e\u672c\u4eba\u7740\u88c5\u5e76\u4e0d\u76f8\u79f0\u2014\u2014\u8fc7\u6d45\u7684\u989c\u8272\u8ba9\u4eba\u6709\u79cd\u5934\u91cd\u811a\u8f7b\u7684\u9519\u89c9\u3002\u90a3\u4e48\uff0c\u5f53\u4e0b\u6700\u7b80\u5355\u7684\u505a\u6cd5\u5927\u6982\u4fbf\u662f\u7528\u4e00\u53cc\u7ecf\u5178\u7684\u9ed1\u8272\u5fb7\u6bd4\u978b\u4f5c\u4e3a\u66ff\u4ee3\u3002\u5982\u679c\u62c5\u5fc3\u4e0d\u591f\u51fa\u5f69\uff0c\u53ef\u4ee5\u5c1d\u8bd5\u4ee5\u4e0b\u8fd9\u53cc\u6f06\u76ae\u9970\u8fb9\u5fb7\u6bd4\u978b\uff0c\u6781\u5177\u8d28\u611f\u7684\u5149\u6cfd\u5ea6\u4ee5\u53ca\u6070\u5230\u597d\u5904\u7684\u8bbe\u8ba1\u7ec6\u8282\uff0c\u5f70\u663e\u51fa\u672c\u4eba\u4e0d\u4fd7\u7684\u7a7f\u8863\u54c1\u4f4d\u3002', 'key': 'content'}, {'value': u'http://img0.selfimg.com.cn/gq24640x/2017/08/29/1503967629_2rrIyn.jpg', 'key': 'img'}, {'value': u'Dolce & Gabbana\u9970\u8fb9\u5fb7\u6bd4\u978b', 'key': 'subtitle'}, {'value': u'http://img3.selfimg.com.cn/gq24640x/2017/08/29/1503967645_ZhOofo.jpg', 'key': 'img'}, {'value': u'\u4f55\u6da6\u4e1c\u51fa\u5e2d\u300a\u90a3\u5e74\u82b1\u5f00\u6708\u6b63\u5706\u300b\u770b\u7247\u4f1a', 'key': 'subtitle'}, {'value': u'\u4e5d\u5206\u3001\u516b\u5206\u8fd8\u662f\u521a\u521a\u89e6\u53ca\u978b\u9762\uff0c\u7a76\u7adf\u88e4\u811a\u7559\u591a\u957f\u624d\u65f6\u9ae6\u5f97\u4f53\uff1f\u4e0d\u540c\u7684\u4e0a\u88c5\u642d\u914d\u4e0d\u540c\u7684\u88e4\u578b\uff0c\u4e0d\u540c\u7684\u88e4\u578b\u53c8\u9700\u8981\u642d\u914d\u4e0d\u540c\u7684\u88e4\u957f\u3002\u4e0d\u59a8\u5728\u955c\u5b50\u9762\u524d\u591a\u8d70\u51e0\u5708\uff0c\u8bd5\u7740\u505a\u51e0\u4e2a\u52a8\u4f5c\uff0c\u770b\u770b\u4e0d\u540c\u89d2\u5ea6\u4e0b\uff0c\u88e4\u957f\u662f\u5426\u6070\u597d\u5f97\u4f53\uff0c\u662f\u5426\u4f1a\u9732\u51fa\u8fc7\u591a\u7684\u5c0f\u817f\u8ba9\u4eba\u770b\u8d77\u6765\u602a\u602a\u7684\uff1f\u800c\u5bf9\u4e8e\u4ee5\u4e0alook\u6765\u8bf4\uff0c\u53ef\u80fd\u88e4\u811a\u957f\u4e00\u70b9\u4f1a\u66f4\u597d\u770b\uff1f', 'key': 'content'}, {'value': u'http://img0.selfimg.com.cn/gq24640x/2017/08/29/1503967667_G2t915.jpg', 'key': 'img'}, {'value': u'Brunello Cucinelli \u897f\u670d\u957f\u88e4', 'key': 'subtitle'}, None]",2017.08.29,http://www.gq.com.cn/fashion/news_12310681bcb5f198.html,换风格可不是换件外套这么简单
"[{'value': u'http://img1.selfimg.com.cn/gq24640x/2017/09/02/1504319796_TlZzzI.jpg', 'key': 'img'}, {'value': u'\u5939\u514b\u62ab\u7740\u7a7f\u6709\u4ec0\u4e48\u5b9e\u9645\u7528\u9014\u5417\uff1f\u5f53\u7136\uff0c\u5728\u5b63\u8282\u4ea4\u66ff\u7684\u5fae\u51b7\u5b63\u8282\uff0c\u5b83\u53ef\u4ee5\u4e3a\u4f60\u7684\u6e29\u5ea6\u4fdd\u9a7e\u62a4\u822a\uff0c\u6216\u7a7f\u6216\u62ab\uff0c\u53ea\u8981\u4e0d\u5360\u4e86\u53cc\u624b\uff0c\u600e\u4e48\u90fd\u597d\u8bf4\u3002', 'key': 'content'}, {'value': u'\u200b\u5939\u514b\u9009\u62e9\u4ec0\u4e48\u6b3e\u5f0f\uff0c\u5c31\u53d6\u51b3\u4e8e\u60f3\u6253\u9020\u4ec0\u4e48\u98ce\u683c\u4e86\uff0c\u9738\u9053\u603b\u88c1\u81ea\u7136\u662f\u9009\u897f\u88c5\u5939\u514b\u642d\u914d\u4fee\u8eab\u7684\u897f\u88e4\uff0c\u8857\u5934\u6f6e\u7537\u5219\u66f4\u9002\u5408\u98de\u884c\u5458\u5939\u514b\u6216\u662f\u725b\u4ed4\u5939\u514b\u642d\u914d\u725b\u4ed4\u88e4\u3002', 'key': 'content'}, {'value': u'http://img2.selfimg.com.cn/gq24640x/2017/09/02/1504319842_9J1QVX.jpg', 'key': 'img'}, {'value': u'http://img1.selfimg.com.cn/gq24640x/2017/09/02/1504319873_NTcck4.jpg', 'key': 'img'}, {'value': u'http://img1.selfimg.com.cn/gq24640x/2017/09/02/1504319907_7W6lI9.jpg', 'key': 'img'}, None]",2017.09.02,http://www.gq.com.cn/fashion/news/news_174429d1bc7fbb9b.html,每日穿搭｜早秋的夹克 正确的穿法或许是披挂
"[{'value': u'http://img0.selfimg.com.cn/gq24640x/2017/08/30/1504053672_vxhYqT.jpg', 'key': 'img'}, {'value': u'\u82f1\u56fd\u5962\u4f88\u65f6\u5c1a\u7535\u5546Matchesfashion.com\u7684\u4f30\u503c\u5df2\u4ece\u6b64\u524d\u76846.5\u4ebf\u82f1\u9551\u4e0a\u5347\u81f38\u4ebf\u82f1\u9551\uff0c\u6f5c\u5728\u6295\u6807\u4eba\u5305\u62ecApax Partners\u3001\u79c1\u52df\u57fa\u91d1KKR\u3001\u8d1d\u6069\u8d44\u672c\u4ee5\u53caValentino\u524d\u4e1c\u5bb6\u7b49\u3002\u6570\u636e\u663e\u793a\uff0cMatchesfashion.com\u53bb\u5e74\u9500\u552e\u989d\u540c\u6bd4\u4e0a\u6da861%\u81f32.04\u4ebf\u82f1\u9551\uff0c\u606f\u7a0e\u6298\u65e7\u644a\u9500\u524d\u5229\u6da6\u5219\u8f83\u4e0a\u4e00\u5e74\u66b4\u6da8\u8fd16\u500d\u81f31900\u4e07\u82f1\u9551\u3002\u636e\u6d88\u606f\u4eba\u58eb\u9884\u8ba1\uff0c\u8be5\u96c6\u56e2\u4eca\u5e74\u9500\u552e\u989d\u6709\u671b\u8d85\u8fc73\u4ebf\u82f1\u9551\u521b\u5386\u53f2\u65b0\u9ad8\u3002\u622a\u81f3\u76ee\u524d\uff0cMatchesfashion.com\u548c\u6f5c\u5728\u4e70\u5bb6\u53d1\u8a00\u4eba\u5747\u672a\u5bf9\u6b64\u6d88\u606f\u4f5c\u51fa\u56de\u5e94\u3002', 'key': 'content'}, {'value': u'http://img0.selfimg.com.cn/gq24640x/2017/08/30/1504053689_2lb9vM.jpg', 'key': 'img'}, {'value': u'\u636e\u65e5\u672c\u5a92\u4f53\u6d88\u606f\uff0c\u4f18\u8863\u5e93\u65e5\u524d\u6b63\u5f0f\u5ba3\u5e03\u5c06\u5728220\u5bb6\u5927\u578b\u95e8\u5e97\u5f00\u8bbe\u5b55\u5987\u670d\u88c5\u533a\u57df\uff0c\u53d1\u552e4\u79cd\u5b55\u5987\u4ea7\u54c1\u3002\u8fd9\u662f\u4f18\u8863\u5e93\u9996\u6b21\u4e13\u95e8\u4e3a\u5b55\u5987\u5f00\u8bbe\u4e00\u4e2a\u54c1\u7c7b\uff0c\u6b64\u4e3e\u76ee\u7684\u4e3b\u8981\u4e3a\u6ee1\u8db3\u5b55\u5987\u6d88\u8d39\u8005\u7684\u8981\u6c42\u3002\u4f18\u8863\u5e93\u5e0c\u671b\u80fd\u591f\u901a\u8fc7\u5f3a\u5316\u5546\u54c1\u79cd\u7c7b\u6765\u8d62\u5f97\u65b0\u7684\u6d88\u8d39\u8005\u3002\u4e0e\u6b64\u540c\u65f6\uff0c\u4f18\u8863\u5e93\u8fd8\u6269\u5145\u4e86\u5a74\u513f\u7528\u54c1\u79cd\u7c7b\uff0c7\u6708\u6700\u65b0\u63a8\u51fa\u9002\u5408\u65b0\u751f\u513f\u768450\u81f360\u5398\u7c73\u5c3a\u5bf8\u7684\u5185\u8863\u548c\u56f4\u5634\u7b494\u79cd\u5546\u54c1\u3002', 'key': 'content'}, {'value': u'http://img0.selfimg.com.cn/gq24640x/2017/08/30/1504053703_kGB7ym.jpg', 'key': 'img'}, {'value': u'\u7531\u5f53\u7ea2\u65f6\u5c1a\u54c1\u724cVetements\u8bbe\u8ba1\u5e08\u4e4b\u4e00\u7684 Demna Gvasalia \u6240\u62c5\u4efb\u521b\u610f\u603b\u76d1\u7684Balenciaga\u5c06\u57288\u670830\u81f39\u670819\u65e5\u4e8e\u4e1c\u4eac\u4f0a\u52bf\u4e39\u65b0\u5bbf\u672c\u5e97Mens\u9986\u5f00\u8bbe\u671f\u95f4\u9650\u5b9a\u5e97\uff0c\u9664\u4e86\u53ef\u4ee5\u5728\u5165\u9762\u627e\u5230\u5927\u70ed\u79cb\u51ac\u5546\u54c1\u4e4b\u5916\uff0c\u8fd8\u5e26\u6765\u4e86\u4e00\u7cfb\u5217\u5e97\u5185\u9650\u5b9a\u5546\u54c1\uff0c\u5982Political logo\u7684\u5e3d\u5b50\u3001\u80cc\u5305\u4ee5\u53ca\u4f4e\u7b52\u7248\u7684Speed Trainer \u7b49\u7b49\uff0c\u6709\u5174\u8da3\u4e86\u89e3\u66f4\u591a\u5546\u54c1\u8be6\u60c5\u7684\u53ef\u4ee5\u5230\u4f0a\u52bf\u4e39\u5b98\u65b9\u7f51\u7ad9\u67e5\u8be2\u3002', 'key': 'content'}, {'value': u'http://img0.selfimg.com.cn/gq24640x/2017/08/30/1504053754_TeQkY3.jpg', 'key': 'img'}, {'value': u'4. 95\u540e\u6210\u6d88\u8d39\u4e3b\u529b\u519b\u7684\u4e00\u90e8\u5206', 'key': 'subtitle'}, {'value': u'\u636e\u5e02\u573a\u8c03\u7814\u673a\u6784\u57c3\u68ee\u54f2\u6700\u65b0\u53d1\u5e03\u7684\u300a\u5168\u740395\u540e\u6d88\u8d39\u8005\u8c03\u7814\u4e2d\u56fd\u6d1e\u5bdf\u62a5\u544a\u300b\u663e\u793a\uff0c95\u540e\u51fa\u751f\u7684\u4eba\u53e3\u5df2\u7ecf\u63a5\u8fd1\u5168\u7403\u4eba\u53e3\u768425%\uff0c\u800c\u4e2d\u56fd\u8fd9\u4e00\u7fa4\u4f53\u7684\u89c4\u6a21\u8fbe2.5\u4ebf\u4eba\uff0c\u6708\u5747\u82b1\u8d39\u63a5\u8fd12015\u5e74\u5168\u56fd\u4eba\u5747\u6c34\u5e73\u53ef\u652f\u914d\u6708\u6536\u5165\u3002\u503c\u5f97\u6ce8\u610f\u7684\u662f\uff0c95\u540e\u7684\u8d2d\u7269\u9014\u5f84\u66f4\u52a0\u504f\u7231\u5b9e\u4f53\u95e8\u5e97\uff0c\u53e6\u5916\u670970%\u768495\u540e\u53d7\u8bbf\u8005\u8868\u793a\u6709\u5174\u8da3\u76f4\u63a5\u901a\u8fc7\u793e\u4ea4\u5a92\u4f53\u8fdb\u884c\u8d2d\u7269\u4ea4\u6613\u3002', 'key': 'content'}, {'value': u'http://img1.selfimg.com.cn/gq24640x/2017/08/30/1504053770_pD6L7K.jpg', 'key': 'img'}, {'value': u'\u7ee7\u53bb\u5e74 11\u6708\u63a8\u51fa\u201cNew York Made\u201d\u5ba3\u4f20\u6d3b\u52a8\u540e\uff0cNike\u8ba1\u5212\u4eca\u5e74\u5728\u672a\u6765\u4e24\u5468\u518d\u6b21\u4e3e\u529e\u4e00\u7cfb\u5217\u76f8\u5173\u54c1\u724c\u6d3b\u52a8\u548c\u65b0\u54c1\u53d1\u5e03\u3002\u9664\u4e86\u6b64\u524d\u81f4\u656c\u4f20\u5947\u7f51\u7403\u8fd0\u52a8\u5458Roger Federer\u7684RF19\uff0c9\u67086\u65e5\u81f39\u67088\u65e5\uff0c\u5c06\u5728\u534e\u5c14\u885723\u53f7\u5f00\u8bbe\u201cNike Off Campus\u201d\u5feb\u95ea\u5e97\u6765\u5c55\u793a\u548c\u7ebd\u7ea6\u6f6e\u724c Off-White\u8bbe\u8ba1\u5e08 Virgil Abloh\u5408\u4f5c\u63a8\u51fa\u7684\u201cThe Ten\u201d\u5ba3\u4f20\u6d3b\u52a8\u30029\u67089\u65e5\uff0c\u5c06\u5728\u7ebd\u7ea6Nike SoHo\u95e8\u5e97\u76846\u697c\u4e3e\u529e\u201cNike By You Jersey Suite\u201d\u6d3b\u52a8\uff0c\u5411\u6d88\u8d39\u8005\u4ecb\u7ecd\u8fd0\u52a8\u7403\u8863\u7684\u5386\u53f2\uff0c\u5e76\u7531\u827a\u672f\u5bb6Eric Elms\u4e3a\u5176\u5b9a\u5236\u5e26\u6709\u540d\u5b57\u3001\u53f7\u7801\u548c\u7279\u522b\u8865\u4e01\u7684\u4e2a\u6027\u5316\u7403\u8863\u30029\u670810\u65e5\uff0c\u7531Jordan Brand\u548c\u7ebd\u7ea6\u9ad8\u8857\u65f6\u5c1a\u54c1\u724cPublic School New York City\u5408\u4f5c\u8bbe\u8ba1\u7684Jordan x PSNY\u6210\u8863\u7cfb\u5217\u5c06\u5728\u7ebd\u7ea6\u65f6\u88c5\u5468\u671f\u95f4\u53d1\u5e03\uff0c\u5176\u4e2d\u8fd8\u5305\u542b\u4e00\u53cc PSNY x Air Jordan 15 \u7403\u978b\u30029\u670816\u65e5\uff0cNike \u5c06\u9996\u6b21\u63a8\u51fa \u201cNike By You\u201d \u5de5\u4f5c\u5ba4\u3002\u5b83\u5c06\u6210\u4e3a\u6c47\u805a Nike \u6700\u4f73\u5b9a\u5236\u4ea7\u54c1\u548c\u8054\u540d\u8bbe\u8ba1\u7684\u5168\u7403\u521b\u610f\u4e2d\u5fc3\u3002\u4ee5\u4e0a\u8fd9\u4e9b\u6d3b\u52a8\u90fd\u4f1a\u5411\u516c\u4f17\u5f00\u653e\u3002', 'key': 'content'}, None]",2017.08.30,http://www.gq.com.cn/fashion/news_13227209371f3913.html,优衣库将在店内开设孕妇用品区域
"[{'value': u'\u8fd9\u4ef6\u536b\u88e4\u5728\u610f\u5927\u5229\u7531\u8f7b\u8d28\u7f8a\u6bdb\u5236\u6210\uff0c\u9970\u4ee5\u9ed1\u3001\u767d\u3001\u7ea2\u548c\u7c73\u8272\u7ecf\u5178\u7761\u8863\u6761\u7eb9\u56fe\u6848\uff0c\u5e26\u6709\u88e4\u7ebf\u7684\u8bbe\u8ba1\u6dfb\u4e0a\u4e86\u5c11\u8bb8\u6b63\u5f0f\u611f\uff0c\u7136\u800c\u677e\u7d27\u5e26\u7684\u88e4\u8170\u8bbe\u8ba1\u5374\u53c8\u4ee4\u4eba\u610f\u60f3\u4e0d\u5230\u5730\u5e26\u6709\u4f11\u95f2\u6c14\u606f\u3002', 'key': 'content'}, {'value': u'http://img3.selfimg.com.cn/gq24640x/2017/08/30/1504053191_HupyUJ.jpg', 'key': 'img'}, {'value': u'\u683c\u7eb9\u4e5d\u5206\u88e4\uff1aGucci', 'key': 'subtitle'}, {'value': u'\u5355\u5355\u4e00\u4ef6\u683c\u7eb9\u4e5d\u5206\u88e4\u5c31\u975e\u5e38\u5177\u5907\u7279\u8272\uff0c\u4e3a\u4e86\u4e0d\u4f7f\u642d\u914d\u8fc7\u4e8e\u6d6e\u5938\uff0c\u7528\u4f4e\u8c03\u5374\u4e0d\u5931\u6b63\u5f0f\u7684\u5fb7\u6bd4\u978b\u548c\u767d\u8272\u886c\u886b\u6765\u642d\u914d\u3002', 'key': 'content'}, {'value': u'http://img2.selfimg.com.cn/gq24640x/2017/08/30/1504053224_ARNXYk.jpg', 'key': 'img'}, {'value': u'\u7f16\u7ec7\u5fb7\u6bd4\u978b\uff1aBottega Veneta', 'key': 'subtitle'}, {'value': u'\u767d\u8272T\u6064\u548c\u677f\u978b\u6765\u914d\u5408\u8fd9\u6761\u5907\u5177\u8bbe\u8ba1\u611f\u7684\u4e5d\u5206\u88e4\u6b63\u597d\uff0c\u7b80\u7ea6\u7684\u8bbe\u8ba1\u4e0d\u4ec5\u4e0d\u4f1a\u593a\u5176\u98ce\u91c7\uff0c\u4e14\u80fd\u66f4\u597d\u5730\u5c55\u73b0\u51fa\u683c\u7eb9\u7684\u8bbe\u8ba1\u611f\u3002', 'key': 'content'}, {'value': u'http://img1.selfimg.com.cn/gq24640x/2017/08/30/1504053247_jvBR5e.jpg', 'key': 'img'}, {'value': u'\u6df1\u8272\u80cc\u5305\uff1aCos', 'key': 'subtitle'}, {'value': u'\u8fd9\u5957\u642d\u914d\u610f\u5728\u5c06\u590d\u53e4\u8fdb\u884c\u5230\u5e95\uff0c\u5c06\u540c\u4e3aGucci\u7684\u9ec4\u8272\u5370\u82b1\u886c\u886b\u968f\u6027\u5730\u675f\u8fdb\u4e5d\u5206\u88e4\u4e2d\u6765\u8425\u9020\u4e00\u79cd\u9ad8\u8170\u7684\u611f\u89c9\uff0c\u53e6\u5916\u914d\u4e0a\u4e00\u6b3e\u201c\u9739\u96f3\u201d\u8170\u5305\u968f\u65f6\u90fd\u80fd\u53c2\u52a0\u4e00\u573a\u590d\u53e4party\u3002', 'key': 'content'}, {'value': u'http://img0.selfimg.com.cn/gq24640x/2017/08/30/1504053272_5Bk7eq.jpg', 'key': 'img'}, {'value': u'\u9ed1\u8272\u8170\u5305\uff1aAMI', 'key': 'subtitle'}, None]",2017.08.30,http://www.gq.com.cn/fashion/news_1412de5ffb88e719.html,上海人睡裤style终于熬出了头
"[{'value': u'http://img1.selfimg.com.cn/gq24640x/2017/09/02/1504318799_N2O1EA.jpg', 'key': 'img'}, {'value': u'\u7ea2\u767d\u6ce2\u70b9\u886c\u886b\uff1aAmiri', 'key': 'subtitle'}, {'value': u'\u4f11\u95f2\u5468\u4e94\u4e0d\u59a8\u5c1d\u8bd5\u8fd9\u4ef6\u7a0d\u5fae\u6709\u70b9\u4fcf\u76ae\u7684\u886c\u886b\uff0c\u642d\u914d\u65e5\u5e38\u7684\u9ed1\u897f\u88e4\u76ae\u978b\u7167\u6837\u5f97\u4f53\uff0c\u4e0b\u73ed\u540e\u89e3\u5f00\u4e00\u4e24\u4e2a\u7ebd\u6263\u4e5f\u80fd\u76f4\u63a5\u4e0e\u4e09\u4e94\u597d\u53cb\u51fa\u53bb\u5c0f\u914c\u4e00\u676f\u3002', 'key': 'content'}, {'value': u'http://img1.selfimg.com.cn/gq24640x/2017/09/02/1504318901_BC8ahY.jpg', 'key': 'img'}, {'value': u'\u7ea2\u767d\u6ce2\u70b9\u8bbe\u8ba1\u7684\u886c\u886b\u968f\u6027\u5730\u585e\u8fdb\u725b\u4ed4\u88e4\u4e2d\uff0c\u518d\u5c06\u8896\u5b50\u5377\u8d77\uff0c\u642d\u914d\u8857\u5934\u98ce\u7684\u677f\u978b\u548c\u80cc\u5305\uff0c\u4e00\u5957\u4e0d\u7f81\u611f\u7684\u9020\u578b\u4fbf\u5b8c\u6210\u4e86\u3002', 'key': 'content'}, {'value': u'http://img0.selfimg.com.cn/gq24640x/2017/09/02/1504318970_3lOvbm.jpg', 'key': 'img'}, {'value': u'\u6ce2\u70b9\u8bbe\u8ba1\u7684\u886c\u886b\u6839\u636e\u642d\u914d\u5355\u54c1\u53ef\u73b0\u4ee3\u53ef\u590d\u53e4\uff0c\u8fd9\u5957look\u4ee5\u6c89\u7a33\u7684\u68d5\u8272\u7cfb\u4e3a\u4e3b\uff0c\u7528\u706f\u82af\u7ed2\u957f\u88e4\u548c\u7ecf\u5178\u4e50\u798f\u978b\u4ee5\u53ca\u76ae\u9769\u516c\u6587\u5305\u6253\u9020\u51fa\u65f6\u9ae6\u590d\u53e4\u98ce\u3002', 'key': 'content'}, {'value': u'http://img1.selfimg.com.cn/gq24640x/2017/09/02/1504319023_2gXiMn.jpg', 'key': 'img'}, None]",2017.09.02,http://www.gq.com.cn/fashion/news/news_18g49f8cb757c473.html,波点设计衬衫 密集恐惧症快来看啊
"[{'value': u'\u5982\u679c\u5728\u8003\u8651\u9009\u62e9\u4e00\u4ef6\u966a\u4f34\u4f60\u4ece\u590f\u672b\u5230\u521d\u79cb\u7684\u5355\u54c1\uff0c\u98ce\u8863\u7edd\u5bf9\u662f\u6700\u597d\u7684\u9009\u62e9\u3002', 'key': 'content'}, {'value': u'http://img2.selfimg.com.cn/gq24640x/2017/08/03/1501719380_BICCeG.jpg', 'key': 'img'}, {'value': u'Burberry', 'key': 'subtitle'}, {'value': u'Burberry\u7684\u6218\u58d5\u98ce\u8863\u76f8\u4fe1\u6bcf\u4e2a\u4eba\u90fd\u4f1a\u5728\u8863\u6a71\u91cc\u6536\u85cf\u4e00\u4ef6\u3002\u53d7\u5230\u5efa\u7b51\u98ce\u683c\u5f71\u54cd\u7684Christopher Bailey\u5728\u8896\u53e3\u4e0a\u505a\u7684\u5c0f\u7ec6\u8282\u8ba9\u8fd9\u4ef6\u98ce\u8863\u6210\u4e3a\u5f53\u5b63\u975e\u5e38\u503c\u5f97\u8d2d\u5165\u7684\u660e\u661f\u5355\u54c1\u3002', 'key': 'content'}, {'value': u'http://img1.selfimg.com.cn/gq24640x/2017/08/03/1501719399_XBmwT7.jpg', 'key': 'img'}, {'value': u'Herm\xe8s', 'key': 'subtitle'}, {'value': u'Herm\xe8s\u7684\u98ce\u8863\u5728\u8896\u53e3\u62fc\u4e0a\u4e86\u8003\u7a76\u7684\u76ae\u8fb9\u3002', 'key': 'content'}, {'value': u'http://img1.selfimg.com.cn/gq24640x/2017/08/03/1501719414_NiDnLL.jpg', 'key': 'img'}, {'value': u'Alexander McQueen', 'key': 'subtitle'}, {'value': u'Alexander McQueen\u7684\u98ce\u8863\u5219\u9009\u7528\u4e86\u77ed\u6b3e\u548c\u7f55\u89c1\u7684\u5929\u84dd\u8272\u7684\u8bbe\u8ba1\uff0c\u90fd\u662f\u58ee\u5927\u4f60\u7684\u8863\u6a71\u9635\u5bb9\u7684\u597d\u9009\u62e9\u3002', 'key': 'content'}, {'value': u'http://img1.selfimg.com.cn/gq24640x/2017/08/03/1501719438_oxe7qE.jpg', 'key': 'img'}, {'value': u'Oliver Cheshire\u9009\u62e9\u4e86\u5f88\u96be\u9a7e\u9a6d\u7684\u6a58\u9ec4\u8272\u98ce\u8863\uff0c\u4e0d\u8fc7\u9ed1\u9ad8\u9886\u886b\u964d\u4f4e\u4e86\u7a7f\u642d\u96be\u5ea6\u3002', 'key': 'content'}, {'value': u'http://img0.selfimg.com.cn/gq24640x/2017/08/03/1501719449_BcywLV.jpg', 'key': 'img'}, {'value': u'\u8c01\u80fd\u60f3\u5230\u98de\u884c\u5458\u5939\u514b\u53ef\u4ee5\u5ac1\u63a5\u5230\u98ce\u8863\u7684\u6b3e\u5f0f\u4e0a\u5462\uff1f\u52a0\u4e0a\u62c9\u94fe\u7ec6\u8282\u7684\u98ce\u8863\u7684\u786e\u66f4\u52a0\u62a2\u773c\u3002', 'key': 'content'}, {'value': u'http://img0.selfimg.com.cn/gq24640x/2017/08/03/1501719460_7Qg4T7.jpg', 'key': 'img'}, {'value': u'\u9632\u76b1\u6750\u8d28\u7684\u98ce\u8863\u662f\u65c5\u884c\u65f6\u6700\u597d\u7684\u9009\u62e9\uff0c\u968f\u4fbf\u585e\u5728\u884c\u674e\u7bb1\u91cc\u4e5f\u4e0d\u4f1a\u663e\u5f97\u8fc7\u4e8e\u51cc\u4e71\u3002', 'key': 'content'}, {'value': u'http://img0.selfimg.com.cn/gq24640x/2017/08/03/1501719475_XP4Ho4.jpg', 'key': 'img'}, {'value': u'Alex Badia\u7684\u7a7f\u8863\u98ce\u683c\u8d8a\u6765\u8d8a\u597d\u770b\u4e86\uff0c\u98ce\u8863\u7684\u6c89\u7a33\u914d\u8272\u628a\u5185\u91cc\u6bdb\u8863\u8df3\u8dc3\u7684\u8272\u5f69\u538b\u4e86\u4e0b\u6765\u3002', 'key': 'content'}, None]",2017.08.31,http://www.gq.com.cn/fashion/news/news_1915388fcbe63fb2.html,换季时分的轻装良伴
"[{'value': u'http://img0.selfimg.com.cn/gq24640x/2017/09/03/1504446633_YVTVTQ.jpg', 'key': 'img'}, {'value': u'\u4f11\u95f2\u611f\u886c\u886b\u964d\u4f4e\u4e86\u5957\u897f\u8fc7\u4e8e\u6b63\u5f0f\u7684\u611f\u89c9\uff0c\u642d\u914d\u9ed1\u8272\u8fd0\u52a8\u978b\u6253\u9020\u5f97\u4f53\u7684smart casual\u98ce\u3002', 'key': 'content'}, {'value': u'http://img0.selfimg.com.cn/gq24640x/2017/09/03/1504446692_oIifZO.jpg', 'key': 'img'}, {'value': u'\u6761\u7eb9T\u6064\u642d\u914d\u725b\u4ed4\u88e4\u5e74\u8f7b\u6709\u4f59\uff0c\u642d\u914d\u9177\u9177\u7684\u9887\u5177\u8bbe\u8ba1\u611f\u7684\u9ed1\u8272\u8dd1\u978b\u548c\u80cc\u5305\u5229\u843d\u6709\u578b\uff0c\u53e6\u5916\u5efa\u8baeT\u6064\u53ef\u4e70\u5927\u4e00\u4e2asize\u5e76\u5c06\u5176\u585e\u8fdb\u88e4\u4e2d\u6765\u663e\u5f97\u66f4\u52a0\u968f\u6027\u3002', 'key': 'content'}, {'value': u'http://img3.selfimg.com.cn/gq24640x/2017/09/03/1504446740_yUshhE.jpg', 'key': 'img'}, {'value': u'Junya Watanabe\u7684\u8fd0\u52a8\u670d\u5957\u88c5\u642d\u914d\u5370\u82b1T\u6064\u8ba9\u4f60\u6709\u79cd\u56de\u5230\u6821\u56ed\u7684\u611f\u89c9\uff0c\u6700\u540e\u914d\u4e0a\u8fd9\u53cc\u522b\u81f4\u7684\u8fd0\u52a8\u978b\u6df7\u642d\u51fa\u524d\u536b\u7684\u590d\u53e4\u98ce\u3002', 'key': 'content'}, {'value': u'http://img2.selfimg.com.cn/gq24640x/2017/09/03/1504446784_YaUJdO.jpg', 'key': 'img'}, None]",2017.09.04,http://www.gq.com.cn/fashion/news/news_1251638c08cab95c.html,丑鞋子的时髦
"[{'value': u'http://img2.selfimg.com.cn/gq24640x/2017/09/02/1504320154_DGhSsw.jpg', 'key': 'img'}, {'value': u'\u7531\u6c34\u4e0a\u8fd0\u52a8\u53d1\u5c55\u800c\u6765\u7684\u5e06\u8239\u978b\uff0c\u4e00\u6d41\u7684\u6392\u6c34\u6392\u6c14\u529f\u80fd\u81ea\u7136\u4e0d\u5fc5\u591a\u8bf4\uff0c\u8212\u9002\u5ea6\u548c\u65f6\u5c1a\u611f\u4e5f\u4e1d\u6beb\u4e0d\u5dee\u3002\u4e0b\u96e8\u7684\u65e5\u5b50\u7a7f\u5c24\u5176\u9002\u5408\uff0c\u4e0d\u7528\u5fc3\u75bc\u88ab\u96e8\u6c34\u6253\u6e7f\u4e86\u5fc3\u7231\u7684\u8fd0\u52a8\u978b\u6216\u662f\u6602\u8d35\u7684\u76ae\u978b\uff0c\u8fd8\u80fd\u4fdd\u6301\u65f6\u5c1a\u7684\u642d\u914d\u3002', 'key': 'content'}, {'value': u'\u5728\u642d\u914d\u4e2d\uff0c\u5b66\u9662\u6d3e\u548c\u4f11\u95f2\u968f\u6027\u662f\u5e06\u8239\u978b\u6700\u9002\u5408\u7684\u4e24\u79cd\u98ce\u683c\uff0c\u4f8b\u5982\u9488\u7ec7\u886b\u7cfb\u80f8\u524d\u7684\u6696\u7537\u7a7f\u6cd5\u6216\u662f\u5370\u82b1\u886c\u886b\u4e0e\u649e\u8272\u5e06\u8239\u978b\u6253\u9020\u7684\u96c5\u75de\u8303\u513f\u90fd\u662f\u5f88\u9002\u5408\u5f53\u5b63\u7684\u7a7f\u642d\u3002\u800c\u649e\u8272\u7684\u62fc\u63a5\u5e06\u8239\u978b\u5c31\u9700\u8981\u7279\u522b\u6ce8\u610f\u548c\u8863\u88e4\u7684\u989c\u8272\u642d\u914d\uff0c\u5982\u679c\u4e0d\u597d\u642d\u914d\uff0c\u90a3\u4e48\u7eaf\u8272\u662f\u4e00\u4e2a\u4e0d\u4f1a\u51fa\u9519\u7684\u9009\u62e9\u3002', 'key': 'content'}, {'value': u'http://img1.selfimg.com.cn/gq24640x/2017/09/02/1504320195_YlcShv.jpg', 'key': 'img'}, {'value': u'http://img3.selfimg.com.cn/gq24640x/2017/09/02/1504320224_FbvdYq.jpg', 'key': 'img'}, {'value': u'http://img1.selfimg.com.cn/gq24640x/2017/09/02/1504320252_Y5FQks.jpg', 'key': 'img'}, None]",2017.09.02,http://www.gq.com.cn/fashion/news/news_162461578220bbd4.html,每日穿搭｜下雨天怎么能忘了可以排水的帆船鞋
"[{'value': u'Dafydd Jones, Magdalen Commemoration Ball, Oxford, 1988 c Dafydd Jones', 'key': 'subtitle'}, {'value': u'\u300c\u6211\u5728\u6545\u6211\u5728\u300d\u82f1\u56fd\u65f6\u5c1a\u6444\u5f71\u5c55\u5c06\u5728Burberry\u4f4d\u4e8e\u514b\u52d2\u80af\u7ef4\u5c14\u7684\u5168\u65b0\u79c0\u573a\u2014\u2014Old Sessions House\u5c55\u51fa\uff0c\u5171\u6709\u4e09\u5c42\u697c\u4f5c\u4e3a\u5c55\u89c8\u533a\u57df\uff0c\u4f9d\u7167\u4e0d\u540c\u4e3b\u9898\u8fdb\u884c\u9648\u5217\uff0c\u6298\u5c04\u51fa\u82f1\u4f26\u751f\u6d3b\u7684\u65b9\u65b9\u9762\u9762\u3002\u800c\u5728\u4e0d\u540c\u7684\u5c55\u89c8\u4e3b\u9898\u4e4b\u4e0b\uff0c\u6bcf\u4f4d\u6444\u5f71\u5e08\u7684\u4e3b\u8981\u4f5c\u54c1\u5219\u5c06\u4ee5\u72ec\u7acb\u4e13\u9898\u7684\u5f62\u5f0f\u8fdb\u884c\u5c55\u793a\u3002', 'key': 'content'}, {'value': u'\u540c\u65f6\uff0cBurberry\u4ea6\u4e8e\u4eca\u65e5\u5ba3\u5e03\u4e0e\u6444\u5f71\u5e08Alasdair McLellan\u8fdb\u884c\u5168\u65b0\u521b\u610f\u5408\u4f5c\uff0c\u4ed6\u5c06\u4e3a\u54c1\u724c\u521b\u4f5c\u5f71\u50cf\u4f5c\u54c1\u96c6\u3002\u81ea\u5373\u65e5\u8d77\uff0c\u54c1\u724c\u793e\u4ea4\u5a92\u4f53\u5e73\u53f0\u5c06\u6301\u7eed\u53d1\u5e03\u4ed6\u7684\u6444\u5f71\u4f5c\u54c1\uff0c\u800c\u7531\u5176\u521b\u4f5c\u7684\u5168\u65b0\u8096\u50cf\u4f5c\u54c1\u8fd8\u5c06\u5728\u63a5\u4e0b\u6765\u7684\u6570\u6708\u95f4\u4e00\u4e00\u63ed\u6653\u3002', 'key': 'content'}, {'value': u'\u4e3a\u5e86\u795d\u8fd9\u4e00\u522b\u5177\u4e00\u683c\u7684\u521b\u610f\u5408\u4f5c\uff0c\u300c\u6211\u5728\u6545\u6211\u5728\u300d\u65f6\u5c1a\u6444\u5f71\u5c55\u5c06\u72ec\u5bb6\u5c55\u51fa\u53e6\u4e00\u7279\u522b\u7cfb\u5217\u2014\u2014\u903e70\u4ef6\u6765\u81eaMcLellan\u5148\u751f\u7684\u4f5c\u54c1\uff0c\u8fd9\u4e00\u5c55\u51fa\u4f5c\u54c1\u6570\u91cf\u4e5f\u521b\u4e0b\u5176\u4e2a\u4eba\u751f\u6daf\u7eaa\u5f55\u3002\u5c55\u89c8\u5c06\u5305\u542b\u5176\u56db\u4e2a\u90e8\u5206\u7684\u4f5c\u54c1\uff0c\u5b83\u4eec\u5206\u522b\u6444\u4e8e\u82f1\u683c\u5170\u3001\u5317\u7231\u5c14\u5170\u3001\u82cf\u683c\u5170\u4ee5\u53ca\u5a01\u5c14\u58eb\u3002\u6b64\u5916\uff0c\u90e8\u5206\u5c1a\u672a\u516c\u5f00\u9762\u4e16\u7684\u4f5c\u54c1\u4e5f\u5c06\u4e8e\u6b64\u65f6\u5c1a\u6444\u5f71\u5c55\u4e0a\u9996\u6b21\u4eae\u76f8\u3002', 'key': 'content'}, {'value': u'\u7075\u611f\u6765\u6e90\u4e8e\u82f1\u56fd\u793e\u4f1a\u4eba\u50cf\u6444\u5f71\u4e4b\u7075\u97f5\uff0c\u5168\u65b0Burberry 2017\u4e5d\u6708\u7537\u5973\u88c5\u7cfb\u5217\u5c06\u4e8e9\u670816\u65e5\u661f\u671f\u516d\u665a\u4e0a7\u70b9\uff08\u4f26\u6566\u5f53\u5730\u65f6\u95f4\uff09Old Sessions House\u76db\u5927\u53d1\u5e03\u3002\u8be5\u7cfb\u5217\u5c06\u5ef6\u7eed\u5373\u770b\u5373\u4e70\u6a21\u5f0f\uff0c\u5e76\u4e8e\u5168\u7403\u540c\u6b65\u4e0a\u5e02\uff0c\u8fd8\u5c06\u5728Old Sessions House\u6301\u7eed\u5c55\u51fa\u3002', 'key': 'content'}, {'value': u'Ken Russell, In Your Dreams, January 1955 c TopFoto_ Ken Russell', 'key': 'subtitle'}, {'value': u'\u300c\u6211\u5728\u6545\u6211\u5728\u300d\u82f1\u56fd\u65f6\u5c1a\u6444\u5f71\u5c55', 'key': 'content'}, {'value': u'2017\u5e749\u670818\u65e5 - 2017\u5e7410\u67081\u65e5', 'key': 'content'}, {'value': u'Old Sessions House', 'key': 'content'}, {'value': u'\u514b\u52d2\u80af\u7ef4\u5c14\u683c\u679722\u53f7', 'key': 'content'}, {'value': u'\u4f26\u6566, EC1', 'key': 'content'}, {'value': u'\u514d\u8d39\u5165\u573a', 'key': 'content'}, {'value': u'\u7f16\u8f91\u7b14\u8bb0', 'key': 'content'}, {'value': u'Christopher Bailey----\u300c\u6211\u5728\u6545\u6211\u5728\u300d\u65f6\u5c1a\u6444\u5f71\u5c55\u7b56\u5c55\u4eba', 'key': 'content'}, {'value': u'Christopher Bailey\u5148\u751f\uff08\u51fa\u751f\u4e8e\u7ea6\u514b\u90e1\uff09\uff0c\u73b0\u4efb\u82f1\u56fd\u5962\u4f88\u65f6\u5c1a\u54c1\u724cBurberry\u603b\u88c1\u517c\u9996\u5e2d\u521b\u610f\u5b98\uff0c\u4ed6\u4e8e2001\u5e74\u52a0\u5165\u54c1\u724c\u3002\u957f\u671f\u4ee5\u6765\uff0c\u4ed6\u7ed9\u4e88\u82f1\u56fd\u5404\u5927\u673a\u6784\u7684\u521b\u610f\u4eba\u624d\u4e00\u5982\u65e2\u5f80\u7684\u652f\u6301\u4e0e\u6307\u5bfc\uff0c\u5305\u62ec\u7687\u5bb6\u827a\u672f\u5b66\u9662\u3001\u5207\u5c14\u897f\u827a\u672f\u4e0e\u8bbe\u8ba1\u5b66\u9662\u4ee5\u53ca\u54c8\u5fb7\u65af\u83f2\u5c14\u5fb7\u5927\u5b66\u3002\u5728\u52a0\u5165Burberry\u4e4b\u524d\uff0c\u4ed6\u66fe\u5728\u7c73\u5170\u62c5\u4efbGucci\u54c1\u724c\u9ad8\u7ea7\u5973\u88c5\u8bbe\u8ba1\u5e08\uff0c\u4e5f\u66fe\u662fDonna Karen\u54c1\u724c\u7684\u5973\u88c5\u8bbe\u8ba1\u5e08\u3002', 'key': 'content'}, {'value': u'\u201c\u5f53\u6211\u4eec\u5f00\u59cb\u601d\u8003\u7b56\u5212\u300c\u6211\u5728\u6545\u6211\u5728\u300d\u6444\u5f71\u5c55\u65f6\uff0c\u6211\u5c31\u6e05\u695a\u5730\u77e5\u9053\u6211\u60f3\u901a\u8fc7\u5b83\u81f4\u656c\u6211\u6240\u4e00\u76f4\u949f\u7231\u7684\u82f1\u56fd\u6444\u5f71\u2014\u2014\u8fd9\u4e9b\u5f71\u50cf\u8bb0\u5f55\u4e86\u6211\u4eec\u8fd9\u4e2a\u62e5\u6709\u4f17\u591a\u4e0d\u540c\u90e8\u843d\u3001\u65cf\u7fa4\u4e0e\u9636\u7ea7\u7684\u5c9b\u56fd\u3002', 'key': 'content'}, {'value': u'\u5c06\u8fd9\u4e00\u7cfb\u5217\u7684\u4f18\u79c0\u6444\u5f71\u5e08\u7684\u4f5c\u54c1\u6c47\u805a\u8d77\u6765\uff0c\u5bf9\u6211\u4eec\u800c\u8a00\u65e0\u7591\u662f\u8363\u5e78\u4e4b\u81f3\u3002\u8fd9\u4e9b\u4f5c\u54c1\u957f\u671f\u4ee5\u6765\u5bf9\u6211\u4ea7\u751f\u4e86\u6df1\u8fdc\u5f71\u54cd\u3002\u5b83\u4eec\u52fe\u52d2\u51fa\u82f1\u5f0f\u751f\u6d3b\u7684\u70b9\u70b9\u6ef4\u6ef4\uff0c\u8ba9\u6211\u4eec\u53bb\u611f\u77e5\u751f\u6d3b\u7684\u4e0d\u540c\u5bfb\u5e38\u4e0e\u5e73\u51e1\uff0c\u611f\u53d7\u73b0\u5b9e\u751f\u6d3b\u7684\u7f8e\u597d\u4e0e\u6b8b\u9177\u3002', 'key': 'content'}, {'value': u'\u6b63\u662f\u8fd9\u4e9b\u4f5c\u54c1\u7684\u7cbe\u9ad3\u2014\u2014\u65f6\u800c\u6709\u7740\u53cd\u8bbd\u7684\u610f\u5473, \u65f6\u800c\u4e5f\u5e26\u7ed9\u4f60\u7ec6\u817b\u6e29\u548c, \u5374\u603b\u662f\u5982\u6b64\u771f\u5207\uff0c\u7531\u6b64\u6210\u4e3a\u6211\u4eec\u521b\u4f5c\u54c1\u724c\u5168\u65b0\u4e5d\u6708\u7537\u5973\u88c5\u7cfb\u5217\u7684\u7075\u611f\u6e90\u6cc9\u3002\u6211\u4eec\u5c06\u6c47\u96c6\u8fd9\u4e9b\u4f18\u79c0\u6444\u5f71\u5e08\u7684\u4f5c\u54c1\u5728\u5168\u65b0\u65f6\u88c5\u79c0\u573a\u4e2d\u4e3e\u884c\u4e00\u4e2a\u5c55\u89c8, \u793c\u8d5e\u82f1\u4f26\u751f\u6d3b\u65b9\u5f0f\u4e0e\u7740\u88c5\u4e4b\u9053\u3002\u201d \u2014\u2014Christopher Bailey\uff0cBurberry\u603b\u88c1\u517c\u9996\u5e2d\u521b\u610f\u5b98', 'key': 'content'}, {'value': u'Lucy Kumara Moore----\u300c\u6211\u5728\u6545\u6211\u5728\u300d\u65f6\u5c1a\u6444\u5f71\u5c55\u7b56\u5c55\u4eba', 'key': 'content'}, {'value': u'Moore\u5973\u58eb\uff08\u51fa\u751f\u4e8e\u4f26\u6566\uff09\u76ee\u524d\u62c5\u4efb\u4e13\u4e1a\u65f6\u5c1a\u53ca\u6444\u5f71\u4e66\u5e97Claire de Rouen\u7684\u603b\u76d1\uff0c\u540c\u65f6\uff0c\u5979\u4e5f\u662f\u5f53\u4ee3\u6444\u5f71\u53ca\u65f6\u5c1a\u754c\u7684\u77e5\u540d\u7b56\u5c55\u4eba\u53ca\u4f5c\u5bb6\u3002\u65e9\u5e74\u5979\u66fe\u5728\u5251\u6865\u5927\u5b66\u7814\u7a76\u827a\u672f\u53f2\uff0c\u4e4b\u540e\u5728\u5207\u5c14\u897f\u827a\u672f\u8bbe\u8ba1\u5b66\u9662\u548c\u7687\u5bb6\u827a\u672f\u5b66\u9662\u7814\u4e60\u7ed8\u753b\u3002', 'key': 'content'}, {'value': u'\u201c\u6211\u4e00\u76f4\u7740\u8ff7\u4e8e\u82f1\u5f0f\u2018\u793e\u4f1a\u4eba\u50cf\u2019\u6444\u5f71\u2014\u2014\u8fd9\u4e00\u6444\u5f71\u6d41\u6d3e\u5728\u4e2a\u4eba\u4e3b\u4e49\u4e0e\u96c6\u4f53\u4e3b\u4e49\u7684\u53cc\u91cd\u89c6\u89d2\u4e0b\u63ed\u793a\u4e86\u6211\u4eec\u662f\u5982\u4f55\u751f\u6d3b\u3001\u5de5\u4f5c\u3001\u68a6\u60f3\u3001\u6b22\u5e86\u4ee5\u53ca\u9762\u5bf9\u6311\u6218\u3002\u56e0\u6b64, \u80fd\u88abChristopher\u9080\u8bf7\u4e0e\u4ed6\u4e00\u540c\u7b56\u5212\u8fd9\u6b21\u5c55\u89c8\uff0c\u6211\u611f\u5230\u975e\u5e38\u8363\u5e78\u3002\u4ed6\u5bf9\u6b64\u6709\u7740\u6d53\u539a\u7684\u5174\u8da3\u3002\u540c\u65f6\uff0c\u4ed6\u4e3b\u529e\u6b64\u6b21\u5c55\u89c8\u7684\u60f3\u6cd5\u66f4\u4f53\u73b0\u4e86\u54c1\u724c\u5728\u5bf9\u4e8e\u65f6\u5c1a\u4e0e\u89c6\u89c9\u6587\u5316\u4e4b\u95f4\u7d27\u5bc6\u5173\u8054\u7684\u5f00\u9614\u89c6\u91ce\u3002\u201d \u2014\u2014Lucy Kumara Moore', 'key': 'content'}, {'value': u'Alasdir McLellan----\u300c\u6211\u5728\u6545\u6211\u5728\u300d\u65f6\u5c1a\u6444\u5f71\u5c55\u8054\u5408\u7b56\u5c55\u4eba', 'key': 'content'}, {'value': u'McLellan\u5148\u751f\uff08\u51fa\u751f\u4e8e\u5510\u514b\u65af\u7279\uff09\u662f\u4e00\u4f4d\u957f\u671f\u81f4\u529b\u4e8e\u793e\u4f1a\u4eba\u50cf\u6444\u5f71\u7684\u82f1\u56fd\u6444\u5f71\u5e08\u3002\u4ed6\u7684\u4f5c\u54c1\u4ee5\u5bf9\u4eba\u7269\u8096\u50cf\u7684\u654f\u9510\u6d1e\u5bdf\u529b\u800c\u95fb\u540d\u3002\u65e0\u8bba\u4e3b\u9898\u5982\u4f55\uff0c\u4ece\u4e2d\u90fd\u80fd\u611f\u53d7\u5230\u5176\u4e30\u5bcc\u7684\u4e2a\u4eba\u60c5\u611f\u94fe\u63a5\u4ee5\u53ca\u5bd3\u610f\u6df1\u523b\u7684\u8868\u8fbe\u3002McLellan\u7684\u7b2c\u4e00\u672c\u4f5c\u54c1\u96c6\u300aUltimate Clothing Company\u300b\u4e8e2013\u5e74\u51fa\u7248\uff0c\u8bb0\u5f55\u4e86\u73b0\u4ee3\u82f1\u56fd\u7684\u9633\u521a\u4e4b\u6c14 \u30022016\u5e74\uff0c\u4ed6\u7684\u7b2c\u4e8c\u672c\u4f5c\u54c1\u96c6\u300aCeremony\u300b\u51fa\u7248\uff0c\u4ee5\u4ed62006\u6240\u62cd\u6444\u7684\u82f1\u56fd\u9646\u519b\u4eea\u4ed7\u961f\u4e3a\u4e3b\u9898\u3002', 'key': 'content'}, {'value': u'\u66f4\u591a\u8be6\u60c5\uff0c\u8bf7\u70b9\u51fb ', 'key': 'content'}, {'value': u""Martin Parr, O'Connell Bridge, Dublin, Ireland, October 1981 \xa0c Martin Parr _ Magnum Photos _ Rocket Gallery"", 'key': 'subtitle'}, {'value': u'\u300c\u6211\u5728\u6545\u6211\u5728\u300d\u82f1\u56fd\u65f6\u5c1a\u6444\u5f71\u5c55', 'key': 'content'}, {'value': u'\u201c\u6211\u5728\u6545\u6211\u5728\u201d\u65f6\u5c1a\u6444\u5f71\u5c55\u5c06\u5c55\u51fa\u6765\u81eaAlasdair McLellan\u3001 Andy Sewell\u3001Armet Francis\u3001Bill Brandt\u3001Brian Griffin\u3001Charlie Phillips\u3001Chris Steele-Perkins\u3001Colin Jones\u3001Colin O\u2019Brien\u3001Dafydd Jones\u3001Daniel Meadows\u3001Homer Sykes\u3001Ian Berry\u3001Ian Macdonald\u3001Ian Tyas\u3001Jane Bown\u3001Janette Beckman\u3001Jeremy Sutton-Hibbert\u3001Jo Spence\u3001Karen Knorr\u3001Ken Russell\u3001Mark Power\u3001Martin Parr\u3001Olivier Richon\u3001Peter Marlow\u3001Roger Mayne\u3001Shirley Baker\u3001Stuart Franklin\u3001Tessa Traeger\u3001Tom Wood \u4e0eTony Ray-Jones\u7b4930\u591a\u4f4d\u6444\u5f71\u5e08\uff0c\u5171\u8ba1\u903e200\u4ef6\u4f5c\u54c1\u3002', 'key': 'content'}, {'value': u'\u79c0\u573aOld Sessions House', 'key': 'content'}, {'value': u'\u4eca\u5e74\u4e5d\u6708\uff0cBurberry\u4e5d\u6708\u7cfb\u5217\u65f6\u88c5\u79c0\u5c06\u5728\u5168\u65b0\u79c0\u573a\u2014\u2014\u4f4d\u4e8e\u514b\u52d2\u80af\u7ef4\u5c14\u7684Old Sessions House\u4e3e\u884c\u3002\u8fd9\u662f\u8be5\u573a\u5730\u5b8c\u6210\u6574\u4fee\u540e\u9996\u6b21\u5411\u516c\u4f17\u5f00\u653e\u3002\u9664\u6444\u5f71\u5c55\u5916\uff0cOld Sessions House\u8fd8\u5c06\u4e3e\u529e\u4e00\u7cfb\u5217\u6d3b\u52a8\uff0c\u5305\u62ec\u535a\u67cf\u5229\u5168\u5929\u5496\u5561\u9986Thomas\u2019s\u7684\u4e34\u65f6\u5e97\u4ee5\u53caClaire de Rouen\u4e66\u5e97\u7684\u5f00\u5e55\u3002', 'key': 'content'}, {'value': u'Old Sessions House\u6bcf\u65e5\u5f00\u653e\u65f6\u95f4\uff1a2017\u5e749\u670818\u65e5\u81f310 \u67081\u65e5\uff0c\u4e0a\u534810\u70b9\u81f3\u665a\u4e0a9\u70b9\u3002', 'key': 'content'}, {'value': u'Old Sessions House\u662f\u4e00\u680b18\u4e16\u7eaa\u76842\u7ea7\u5386\u53f2\u4fdd\u62a4\u5efa\u7b51\uff0c1779\u5e74\u5f00\u59cb\u5efa\u9020\uff0c\u5e76\u4e8e1782\u5e74\u4f5c\u4e3a\u5bc6\u5fb7\u8428\u65af\u90e1\u8bae\u9662\u6295\u5165\u4f7f\u7528\uff0c\u5b83\u66fe\u4e00\u5ea6\u6210\u4e3a\u5f53\u65f6\u82f1\u683c\u5170\u6700\u5927\u7684\u6cd5\u9662\u5927\u697c\u3002\u65e0\u6570\u827a\u672f\u5bb6\u4ee5\u53ca\u6444\u5f71\u5e08\u88ab\u5b83\u7684\u5efa\u7b51\u67b6\u6784\u6240\u5438\u5f15\uff0c\u5176\u4e3b\u4f53\u5efa\u7b51\u4e3a\u5e15\u62c9\u7b2c\u5965\u5efa\u7b51\u98ce\u683c\uff0c\u5916\u7acb\u9762\u7531\u6ce2\u7279\u5170\u5927\u7406\u77f3\u6784\u6210\uff0c\u5185\u90e8\u4e2d\u592e\u5219\u6709\u5de8\u5927\u7684\u683c\u5b50\u7a79\u9876\u3002', 'key': 'content'}, {'value': u'\u66f4\u591a\u8be6\u60c5\uff0c\u8bf7\u70b9\u51fb ', 'key': 'content'}]",2017.08.30,http://www.gq.com.cn/fashion/news/news_1623fdc47eb84518.html,Burberry将于9月时装周举办时尚摄影展，探索英伦生活方式 
"[{'value': u'http://img1.selfimg.com.cn/gq24640x/2017/09/03/1504405259_AhEPEk.jpg', 'key': 'img'}, {'value': u'\u5728\u65e5\u5e38\u529e\u516c\u5ba4\u9020\u578b\u4e2d\u642d\u914d\u4e00\u4ef6\u4f11\u95f2\u6b3eT\u6064\uff0c\u4f4e\u8c03\u7684\u9ed1\u767d\u7070\u8272\u5757\u8bbe\u8ba1\u4e0d\u4f1a\u592a\u8fc7\u6d6e\u5938\u4e14\u4e0d\u5931\u4f53\u9762\u3002', 'key': 'content'}, {'value': u'http://img0.selfimg.com.cn/gq24640x/2017/09/03/1504405315_ZG4Lns.jpg', 'key': 'img'}, {'value': u'\u2003', 'key': 'content'}, {'value': u'\u7b80\u7ea6\u7684T\u6064\u642d\u914d\u4ee4\u4eba\u89c6\u89c9\u5341\u5206\u8212\u9002\u7684\u4e2d\u6027\u8272\u957f\u88e4\u548c\u8349\u7f16\u978b\u6e05\u65b0\u6709\u4f59\uff0c\u914d\u4e0a\u53cc\u80a9\u5305\u5145\u6ee1\u4e86\u5e74\u8f7b\u7684\u6c14\u606f\u3002', 'key': 'content'}, {'value': u'http://img1.selfimg.com.cn/gq24640x/2017/09/03/1504405361_ZvUXg5.jpg', 'key': 'img'}, {'value': u'T\u6064\u4e0a\u7684\u8272\u5757\u8bbe\u8ba1\u5341\u5206\u6709\u5c42\u6b21\uff0c\u642d\u914d\u540c\u4e3a\u7070\u8272\u7cfb\u7684\u536b\u88e4\u548c\u8dd1\u978b\u8fd0\u52a8\u611f\u5341\u8db3\uff0c\u591c\u665a\u51fa\u95e8\u8dd1\u6b65\u8fc7\u540e\u4e5f\u522b\u5fd8\u4e86\u4e00\u4ef6\u4fdd\u6696\u7684\u5939\u514b\u4ee5\u9632\u7740\u51c9\u3002', 'key': 'content'}, {'value': u'http://img1.selfimg.com.cn/gq24640x/2017/09/03/1504405394_MS07B9.jpg', 'key': 'img'}, None]",2017.09.04,http://www.gq.com.cn/fashion/news/news_101gd96416b2e3b2.html,一件自带层次感的T恤衫
"[{'value': u'http://img3.selfimg.com.cn/gq24640x/2017/09/03/1504405719_dUYzme.jpg', 'key': 'img'}, {'value': u'\u4e0b\u96e8\u5929\u91cc\u6491\u7740\u4f1e\u5c0f\u5fc3\u7ffc\u7ffc\u7684\u907f\u8fc7\u6c34\u5751\u751f\u6015\u6e7f\u4e86\u978b\u810f\u4e86\u88e4\u811a\uff0c\u771f\u7684\u5f88\u4e0d\u6f47\u6d12\uff0c\u4e00\u53cc\u65f6\u9ae6\u7684\u96e8\u9774\u5e2e\u4f60\u65e0\u6240\u987e\u5fcc\u7684\u5728\u96e8\u5b63\u7a7f\u884c\u3002\u4e0d\u8fc7\u96e8\u9774\u867d\u7136\u662f\u4e3a\u4e86\u9632\u96e8\u6c34\u800c\u53d1\u660e\u7684\uff0c\u4f46\u4e0d\u662f\u53ea\u6709\u96e8\u5929\u624d\u80fd\u7a7f\u7684\u5de5\u5177\u978b\u4e86\uff0c\u5b83\u65e9\u5df2\u6210\u4e3a\u4e00\u79cd\u65e2\u6709\u9632\u6c34\u529f\u6548\u53c8\u8db3\u591f\u6709\u8303\u513f\u7684\u65f6\u5c1a\u5355\u54c1\uff0c\u5373\u4f7f\u4e0d\u4e0b\u96e8\uff0c\u5b83\u8fd8\u53ef\u4ee5\u65f6\u5c1a\u7684\u672a\u96e8\u7ef8\u7f2a\u3002', 'key': 'content'}, {'value': u'\u800c\u96e8\u9774\u4e2d\u6700\u8457\u540d\u7684\u5f53\u5c5eHunter Boots\uff0c\u5b83\u7684\u5386\u53f2\u4e4b\u60a0\u4e45\uff0c\u8981\u8ffd\u6eaf\u5230\u62ff\u7834\u4ed1\u6218\u8d25\u7684\u65f6\u5019\uff0c\u6ed1\u94c1\u5362\u6218\u5f79\u4e2d\uff0c\u963f\u745f\xb7\u97e6\u5c14\u65af\u5229\u5c31\u662f\u7a7f\u7740\u5b83\u7ed9\u4e86\u62ff\u7834\u4ed1\u81f4\u547d\u4e00\u51fb\uff0c\u540e\u6765\u7ef4\u5c14\u5229\u65af\u53d7\u5c01\u60e0\u6797\u987f\u516c\u7235\uff0c\u4e8e\u662f\u73b0\u5728\u88ab\u5927\u5bb6\u6240\u719f\u77e5\u7684\u60e0\u7075\u987f\u9774\u5c31\u8fd9\u6837\u8bde\u751f\u4e86\u3002', 'key': 'content'}, {'value': u'\u897f\u88c5\u4e5f\u597d\u3001\u4f11\u95f2\u98ce\u4e5f\u7f62\uff0c\u8fd9\u53cc\u96e8\u9774\u90fd\u53ef\u4ee5\u641e\u5f97\u5b9a\uff0c\u9700\u8981\u5728\u610f\u7684\u662f\u989c\u8272\u548c\u957f\u77ed\u7684\u642d\u914d\uff0c\u897f\u88c5\u4f1a\u66f4\u9002\u5408\u957f\u96e8\u9774\uff0c\u800c\u4f11\u95f2\u98ce\u683c\u7684\u8863\u7740\u5219\u4e0e\u77ed\u6b3e\u96e8\u9774\u66f4\u76f8\u914d\u3002', 'key': 'content'}, {'value': u'http://img0.selfimg.com.cn/gq24640x/2017/09/03/1504405761_GirEcY.jpg', 'key': 'img'}, {'value': u'http://img1.selfimg.com.cn/gq24640x/2017/09/03/1504405783_CQMNsC.jpg', 'key': 'img'}, {'value': u'http://img0.selfimg.com.cn/gq24640x/2017/09/03/1504405803_iq0Qj6.jpg', 'key': 'img'}]",2017.09.04,http://www.gq.com.cn/fashion/news/news_113190ee52141e90.html,每日穿搭｜雨靴其实是用来“装MAN”的工具
"[{'value': u'http://img1.selfimg.com.cn/gq24640x/2017/08/30/1504053425_e7qydu.jpg', 'key': 'img'}, {'value': u'\u6625\u79cb\u7a7f\u725b\u4ed4\u5939\u514b\uff0c\u597d\u50cf\u662f\u7406\u6240\u5f53\u7136\u7684\u4e8b\u60c5\uff0c\u663c\u591c\u6e29\u5dee\u6709\u70b9\u5927\u7684\u5165\u79cb\u96e8\u5b63\u91cc\uff0c\u767e\u642d\u53c8\u6321\u98ce\u7684\u725b\u4ed4\u5939\u514b\u53ef\u4ee5\u8bf4\u662f\u5fc5\u5907\u5355\u54c1\u3002\u884c\u8d70\u5728\u98ce\u91cc\u96e8\u91cc\u4e5f\u5f88\u6709\u5b89\u5168\u611f\uff0c\u642d\u914d\u4e00\u53cc\u6696\u9ec4\u8272\u7684\u8fd0\u52a8\u978b\uff0c\u6587\u9752\u8303\u513f\u7acb\u663e\uff0c\u4e0e\u4e0a\u534a\u8eab\u7684\u725b\u4ed4\u84dd\u642d\u914d\u8d77\u6765\u4e5f\u4e0d\u4f1a\u663e\u5f97\u5934\u91cd\u811a\u8f7b\u3002', 'key': 'content'}, {'value': u'\u4e0d\u8fc7\u8fd9\u4e00\u6b21\uff0c\u5927\u6982\u4f60\u9700\u8981\u7684\u4e0d\u518d\u662f\u90a3\u628a\u6f06\u9ed1\u7684\u957f\u67c4\u96e8\u4f1e\uff0c\u800c\u662f\u4e00\u628a\u5177\u6709\u5f3a\u5927\u642d\u914d\u4f5c\u7528\u7684\u900f\u660e\u4f1e\uff0c\u70ed\u64ad\u5267\u96c6\u7537\u4e3b\u89d2\u7684\u6837\u8c8c\u662f\u4e0d\u662f\u7acb\u523b\u8111\u8865\u4e86\u51fa\u6765\u3002\u800c\u672c\u8eab\u5c31\u4e4c\u4e91\u5bc6\u5e03\u7684\u4e0b\u96e8\u5929\u91cc\uff0c\u4e00\u628a\u900f\u660e\u96e8\u4f1e\u8ba9\u89c6\u91ce\u66f4\u52a0\u655e\u4eae\uff0c\u5fc3\u60c5\u4e5f\u4f1a\u8ddf\u7740\u660e\u6717\u8bb8\u591a\u3002', 'key': 'content'}, {'value': u'http://img2.selfimg.com.cn/gq24640x/2017/08/30/1504053443_8M98zq.jpg', 'key': 'img'}, {'value': u'Dashton\u725b\u4ed4\u5939\u514b\uff1aDiesel from farfetch', 'key': 'subtitle'}, {'value': u'http://img2.selfimg.com.cn/gq24640x/2017/08/30/1504053457_966pTd.jpg', 'key': 'img'}, {'value': u'\u77ed\u6b3e\u5939\u514b\uff1aLevi\u2019s from farfetch', 'key': 'subtitle'}, {'value': u'http://img2.selfimg.com.cn/gq24640x/2017/08/30/1504053475_1NBezB.jpg', 'key': 'img'}, {'value': u'Iniki\u8fd0\u52a8\u978b\uff1aAdidas from farfetch', 'key': 'subtitle'}, None]",2017.08.30,http://www.gq.com.cn/fashion/news_153396ea534ee7dd.html,每日穿搭｜穿不了透明鞋用不了透明包打透明雨伞总可以
